{
  "model_version": "v1_1",
  "model_name": "Gulf of Mannar Regional Ecological Screening Model",
  "selected_dataset": "training_dataset_v1_1_merged46_augmented_deployable",
  "inference_feature_source": "data\\tabular\\master_feature_matrix_v1_1_augmented.csv",
  "training_region": {
    "name": "Gulf of Mannar",
    "bbox": {
      "lon_min": 78.07517148040331,
      "lon_max": 79.7999368259128,
      "lat_min": 8.403119733194146,
      "lat_max": 9.786525270738208
    }
  },
  "resolution": {
    "effective_resolution_km": 22.0,
    "coarsest_layer": "wave_height (~0.20 degree)",
    "coarsest_layer_resolution_km": 22.0,
    "secondary_resolution_km": 9.2
  },
  "use_case": {
    "intended": "regional_screening",
    "not_valid_for": "micro-site (<5 km) decisions",
    "notes": "Model predicts ecological suitability, not farm installation decisions."
  },
  "selected_metrics": {
    "n_samples": 276,
    "n_presence": 46,
    "n_background": 230,
    "n_features": 29,
    "training_mode": "single",
    "n_ensemble_members": 1,
    "n_spatial_folds": 5,
    "best_params": {
      "subsample": 0.9,
      "scale_pos_weight": 5.0,
      "reg_lambda": 1.0,
      "reg_alpha": 0.0,
      "n_estimators": 400,
      "min_child_weight": 1,
      "max_depth": 2,
      "learning_rate": 0.05,
      "gamma": 0.3,
      "colsample_bytree": 0.5
    },
    "spatial_auc_mean": 0.6459316779167896,
    "spatial_auc_std": 0.23791855607594375,
    "spatial_ap_mean": 0.5823240674448713,
    "spatial_brier_mean": 0.2579927921295166,
    "oof_auc_raw": 0.5931481481481482,
    "oof_auc_calibrated": 0.6512037037037037,
    "oof_ap_raw": 0.32305620135903274,
    "oof_ap_calibrated": 0.35626637362934155,
    "oof_brier_raw": 0.26960599422454834,
    "oof_brier_calibrated": 0.18032057583332062,
    "threshold": {
      "threshold": 0.5,
      "precision": 0.5,
      "recall": 0.1111111111111111
    }
  },
  "all_datasets": [
    {
      "name": "training_dataset_v1_1_merged46_deployable",
      "n_samples": 276,
      "n_presence": 46,
      "n_background": 230,
      "n_features": 23,
      "training_mode": "single",
      "n_ensemble_members": 1,
      "n_spatial_folds": 5,
      "best_params": {
        "subsample": 0.9,
        "scale_pos_weight": 5.0,
        "reg_lambda": 5.0,
        "reg_alpha": 0.0,
        "n_estimators": 250,
        "min_child_weight": 2,
        "max_depth": 2,
        "learning_rate": 0.03,
        "gamma": 0.3,
        "colsample_bytree": 0.7
      },
      "spatial_auc_mean": 0.5954539670420564,
      "spatial_auc_std": 0.2433712419464,
      "spatial_ap_mean": 0.5246720489730341,
      "spatial_brier_mean": 0.28432865887880326,
      "oof_auc_raw": 0.5122222222222221,
      "oof_auc_calibrated": 0.6375925925925926,
      "oof_ap_raw": 0.2629170832012174,
      "oof_ap_calibrated": 0.3409682851890419,
      "oof_brier_raw": 0.3110504448413849,
      "oof_brier_calibrated": 0.18055908381938934,
      "threshold": {
        "threshold": 0.341085284948349,
        "precision": 0.34108527131782945,
        "recall": 0.9777777777777777
      }
    },
    {
      "name": "training_dataset_v1_1_merged46_augmented_deployable",
      "n_samples": 276,
      "n_presence": 46,
      "n_background": 230,
      "n_features": 29,
      "training_mode": "single",
      "n_ensemble_members": 1,
      "n_spatial_folds": 5,
      "best_params": {
        "subsample": 0.9,
        "scale_pos_weight": 5.0,
        "reg_lambda": 1.0,
        "reg_alpha": 0.0,
        "n_estimators": 400,
        "min_child_weight": 1,
        "max_depth": 2,
        "learning_rate": 0.05,
        "gamma": 0.3,
        "colsample_bytree": 0.5
      },
      "spatial_auc_mean": 0.6459316779167896,
      "spatial_auc_std": 0.23791855607594375,
      "spatial_ap_mean": 0.5823240674448713,
      "spatial_brier_mean": 0.2579927921295166,
      "oof_auc_raw": 0.5931481481481482,
      "oof_auc_calibrated": 0.6512037037037037,
      "oof_ap_raw": 0.32305620135903274,
      "oof_ap_calibrated": 0.35626637362934155,
      "oof_brier_raw": 0.26960599422454834,
      "oof_brier_calibrated": 0.18032057583332062,
      "threshold": {
        "threshold": 0.5,
        "precision": 0.5,
        "recall": 0.1111111111111111
      }
    },
    {
      "name": "combined_deployable",
      "n_samples": 276,
      "n_presence": 46,
      "n_background": 230,
      "n_features": 23,
      "training_mode": "single",
      "n_ensemble_members": 1,
      "n_spatial_folds": 5,
      "best_params": {
        "subsample": 0.9,
        "scale_pos_weight": 5.0,
        "reg_lambda": 1.0,
        "reg_alpha": 0.0,
        "n_estimators": 400,
        "min_child_weight": 1,
        "max_depth": 2,
        "learning_rate": 0.05,
        "gamma": 0.3,
        "colsample_bytree": 0.5
      },
      "spatial_auc_mean": 0.5925741187403719,
      "spatial_auc_std": 0.23659399391303623,
      "spatial_ap_mean": 0.5128992967530897,
      "spatial_brier_mean": 0.27743338942527773,
      "oof_auc_raw": 0.5661111111111111,
      "oof_auc_calibrated": 0.6458333333333334,
      "oof_ap_raw": 0.31499834578279173,
      "oof_ap_calibrated": 0.36556669451406293,
      "oof_brier_raw": 0.2903905510902405,
      "oof_brier_calibrated": 0.17844562232494354,
      "threshold": {
        "threshold": 0.6666667461395264,
        "precision": 1.0,
        "recall": 0.022222222222222223
      }
    }
  ],
  "deployment_policy": {
    "recommended_threshold": 0.5,
    "production_mode": true,
    "min_threshold_floor": 0.5,
    "high_confidence_cutoff": 0.8,
    "medium_confidence_cutoff": 0.6,
    "notes": "Use calibrated probabilities. Treat 0.60-0.80 as field-verification priority."
  }
}