lon,lat,p_raw,p_raw_std,p_calibrated,pred_label,priority
79.73503949340574,9.119533574791042,0.96335953,0.0,1.0,1,high
79.72605634056454,9.51479229980363,0.9761036,0.0,1.0,1,high
78.98045465474533,9.27224717309136,0.97526556,0.0,1.0,1,high
79.70809003488215,9.092584116267457,0.9924636,0.0,1.0,1,high
78.96248834906294,9.27224717309136,0.94917196,0.0,1.0,1,high
79.33079761555194,9.326146090138533,0.95902777,0.0,1.0,1,high
79.72605634056454,9.487842841280044,0.98270607,0.0,1.0,1,high
79.71707318772334,9.110550421949847,0.9927303,0.0,1.0,1,high
79.72605634056454,9.110550421949847,0.9927303,0.0,1.0,1,high
79.73503949340574,9.110550421949847,0.99450976,0.0,1.0,1,high
79.74402264624693,9.110550421949847,0.994235,0.0,1.0,1,high
79.75300579908813,9.110550421949847,0.9914526,0.0,1.0,1,high
79.76198895192931,9.110550421949847,0.9813488,0.0,1.0,1,high
79.77097210477051,9.110550421949847,0.9839183,0.0,1.0,1,high
79.69012372919975,9.083600963426262,0.99387336,0.0,1.0,1,high
79.77097210477051,9.676489050945143,0.9833401,0.0,1.0,1,high
79.7889384104529,9.02970204637909,0.96864647,0.0,1.0,1,high
79.72605634056454,9.47885968843885,0.9792031,0.0,1.0,1,high
79.7889384104529,9.640556439580363,0.94093335,0.0,1.0,1,high
79.69012372919975,9.101567269108653,0.9597382,0.0,1.0,1,high
79.69910688204095,9.101567269108653,0.9924959,0.0,1.0,1,high
79.70809003488215,9.101567269108653,0.99376464,0.0,1.0,1,high
79.36673022691673,9.21834825604419,0.9695737,0.0,1.0,1,high
79.68114057635856,9.083600963426262,0.9907032,0.0,1.0,1,high
79.36673022691673,9.209365103202996,0.970112,0.0,1.0,1,high
79.68114057635856,9.092584116267457,0.96861666,0.0,1.0,1,high
79.69012372919975,9.092584116267457,0.99001557,0.0,1.0,1,high
78.98943780758653,9.27224717309136,0.98419094,0.0,1.0,1,high
78.97147150190413,9.27224717309136,0.95914286,0.0,1.0,1,high
79.67215742351736,9.074617810585066,0.9653566,0.0,1.0,1,high
79.66317427067617,9.074617810585066,0.970898,0.0,1.0,1,high
79.75300579908813,9.119533574791042,0.97107047,0.0,1.0,1,high
79.66317427067617,9.065634657743871,0.9489394,0.0,1.0,1,high
79.7889384104529,9.64953959242156,0.98068917,0.0,1.0,1,high
79.73503949340574,9.523775452644829,0.9489269,0.0,1.0,1,high
79.69910688204095,9.092584116267457,0.99370617,0.0,1.0,1,high
79.72605634056454,9.523775452644829,0.9761036,0.0,1.0,1,high
79.72605634056454,9.532758605486022,0.95493865,0.0,1.0,1,high
79.0702861831573,9.254280867408973,0.9578709,0.0,1.0,1,high
79.77097210477051,9.02970204637909,0.93380505,0.0,0.77419114,1,medium
79.73503949340574,9.487842841280044,0.9242764,0.0,0.64285713,1,medium
79.57334274226422,9.065634657743871,0.63732463,0.0,0.64285713,1,medium
79.41164599112271,9.155466186155824,0.29965574,0.0,0.64285713,1,medium
79.69012372919975,9.46089338275646,0.34721765,0.0,0.64285713,1,medium
79.36673022691673,9.200381950361798,0.36251622,0.0,0.64285713,1,medium
79.7889384104529,9.631573286739169,0.76499677,0.0,0.64285713,1,medium
79.71707318772334,9.469876535597656,0.83021826,0.0,0.64285713,1,medium
79.67215742351736,9.065634657743871,0.8721388,0.0,0.64285713,1,medium
79.73503949340574,9.532758605486022,0.80474985,0.0,0.64285713,1,medium
79.73503949340574,9.51479229980363,0.88981044,0.0,0.64285713,1,medium
79.53741013089943,9.065634657743871,0.23442055,0.0,0.64285713,1,medium
79.56435958942302,9.065634657743871,0.27015722,0.0,0.64285713,1,medium
79.72605634056454,9.541741758327218,0.8673408,0.0,0.64285713,1,medium
79.52842697805825,9.065634657743871,0.23432693,0.0,0.64285713,1,medium
79.41164599112271,9.146483033314627,0.2270232,0.0,0.64285713,1,medium
79.75300579908813,9.586657522533192,0.3877264,0.0,0.64285713,1,medium
79.57334274226422,9.074617810585066,0.9070485,0.0,0.64285713,1,medium
79.56435958942302,9.074617810585066,0.8873524,0.0,0.64285713,1,medium
79.55537643658182,9.074617810585066,0.5845799,0.0,0.64285713,1,medium
79.53741013089943,9.074617810585066,0.24176458,0.0,0.64285713,1,medium
79.52842697805825,9.074617810585066,0.23432693,0.0,0.64285713,1,medium
79.72605634056454,9.119533574791042,0.8378306,0.0,0.64285713,1,medium
79.68114057635856,9.101567269108653,0.73176634,0.0,0.64285713,1,medium
79.59130904794661,9.092584116267457,0.8873542,0.0,0.64285713,1,medium
79.58232589510541,9.092584116267457,0.92829597,0.0,0.64285713,1,medium
79.13316825304565,9.254280867408973,0.52151626,0.0,0.64285713,1,medium
79.46554490816987,9.119533574791042,0.602654,0.0,0.64285713,1,medium
79.47452806101107,9.119533574791042,0.6322232,0.0,0.64285713,1,medium
79.48351121385227,9.119533574791042,0.65680546,0.0,0.64285713,1,medium
79.0702861831573,9.245297714567776,0.2533098,0.0,0.64285713,1,medium
79.07926933599848,9.245297714567776,0.40345293,0.0,0.64285713,1,medium
79.49249436669346,9.119533574791042,0.7519756,0.0,0.64285713,1,medium
79.50147751953466,9.119533574791042,0.7289043,0.0,0.64285713,1,medium
79.12418510020446,9.245297714567776,0.27100366,0.0,0.64285713,1,medium
79.51046067237586,9.119533574791042,0.69671005,0.0,0.64285713,1,medium
79.51944382521705,9.119533574791042,0.6643461,0.0,0.64285713,1,medium
79.71707318772334,9.119533574791042,0.842321,0.0,0.64285713,1,medium
79.77097210477051,9.119533574791042,0.86496687,0.0,0.64285713,1,medium
79.76198895192931,9.119533574791042,0.89231646,0.0,0.64285713,1,medium
79.74402264624693,9.119533574791042,0.842784,0.0,0.64285713,1,medium
79.12418510020446,9.254280867408973,0.5682178,0.0,0.64285713,1,medium
79.10621879452206,9.254280867408973,0.34830934,0.0,0.64285713,1,medium
79.09723564168087,9.254280867408973,0.35709903,0.0,0.64285713,1,medium
79.51046067237586,9.110550421949847,0.7869387,0.0,0.64285713,1,medium
79.18706717009283,9.209365103202996,0.24851978,0.0,0.64285713,1,medium
79.17808401725163,9.209365103202996,0.23477644,0.0,0.64285713,1,medium
79.58232589510541,9.101567269108653,0.8564059,0.0,0.64285713,1,medium
79.13316825304565,9.227331408885384,0.43076646,0.0,0.64285713,1,medium
79.12418510020446,9.227331408885384,0.6025566,0.0,0.64285713,1,medium
79.51944382521705,9.110550421949847,0.7869387,0.0,0.64285713,1,medium
79.33978076839314,9.326146090138533,0.34252316,0.0,0.64285713,1,medium
79.08825248883967,9.254280867408973,0.44885874,0.0,0.64285713,1,medium
78.92655573769817,9.254280867408973,0.237001,0.0,0.64285713,1,medium
79.50147751953466,9.110550421949847,0.71185845,0.0,0.64285713,1,medium
79.49249436669346,9.110550421949847,0.65810996,0.0,0.64285713,1,medium
79.48351121385227,9.110550421949847,0.3378766,0.0,0.64285713,1,medium
79.46554490816987,9.110550421949847,0.25990206,0.0,0.64285713,1,medium
79.07926933599848,9.254280867408973,0.917155,0.0,0.64285713,1,medium
79.52842697805825,9.056651504902677,0.22927688,0.0,0.64285713,1,medium
79.77097210477051,8.508679181589768,0.43648326,0.0,0.64285713,1,medium
79.53741013089943,9.056651504902677,0.23554878,0.0,0.64285713,1,medium
79.56435958942302,9.020718893537897,0.32543182,0.0,0.64285713,1,medium
79.54639328374063,9.038685199220286,0.2951476,0.0,0.64285713,1,medium
79.52842697805825,9.020718893537897,0.31806737,0.0,0.64285713,1,medium
79.53741013089943,9.038685199220286,0.23715396,0.0,0.64285713,1,medium
79.53741013089943,9.020718893537897,0.31806737,0.0,0.64285713,1,medium
79.67215742351736,9.04766835206148,0.59569114,0.0,0.64285713,1,medium
79.66317427067617,9.04766835206148,0.32922336,0.0,0.64285713,1,medium
79.54639328374063,9.020718893537897,0.296142,0.0,0.64285713,1,medium
79.55537643658182,9.020718893537897,0.296142,0.0,0.64285713,1,medium
79.57334274226422,9.04766835206148,0.34041426,0.0,0.64285713,1,medium
79.57334274226422,9.020718893537897,0.3534338,0.0,0.64285713,1,medium
79.56435958942302,9.038685199220286,0.35861957,0.0,0.64285713,1,medium
79.58232589510541,9.020718893537897,0.40989292,0.0,0.64285713,1,medium
79.59130904794661,9.020718893537897,0.37824547,0.0,0.64285713,1,medium
79.54639328374063,9.02970204637909,0.29401296,0.0,0.64285713,1,medium
79.609275353629,9.020718893537897,0.37108177,0.0,0.64285713,1,medium
79.6182585064702,9.020718893537897,0.39434212,0.0,0.64285713,1,medium
79.6272416593114,9.020718893537897,0.47163916,0.0,0.64285713,1,medium
79.63622481215259,9.020718893537897,0.44065472,0.0,0.64285713,1,medium
79.52842697805825,9.0117357406967,0.31806737,0.0,0.64285713,1,medium
79.53741013089943,9.0117357406967,0.31806737,0.0,0.64285713,1,medium
79.55537643658182,9.038685199220286,0.30532554,0.0,0.64285713,1,medium
79.7799552576117,9.02970204637909,0.92662454,0.0,0.64285713,1,medium
79.55537643658182,9.0117357406967,0.3527246,0.0,0.64285713,1,medium
79.6272416593114,9.02970204637909,0.3674763,0.0,0.64285713,1,medium
79.55537643658182,9.02970204637909,0.29401296,0.0,0.64285713,1,medium
79.53741013089943,9.02970204637909,0.3076528,0.0,0.64285713,1,medium
79.77097210477051,9.68547220378634,0.91474473,0.0,0.64285713,1,medium
79.76198895192931,9.68547220378634,0.3144708,0.0,0.64285713,1,medium
79.52842697805825,9.02970204637909,0.23715396,0.0,0.64285713,1,medium
79.56435958942302,9.02970204637909,0.3463168,0.0,0.64285713,1,medium
79.76198895192931,9.676489050945143,0.34834722,0.0,0.64285713,1,medium
79.67215742351736,9.038685199220286,0.57572365,0.0,0.64285713,1,medium
79.57334274226422,9.02970204637909,0.34151232,0.0,0.64285713,1,medium
79.63622481215259,9.02970204637909,0.3674763,0.0,0.64285713,1,medium
79.76198895192931,9.02970204637909,0.6297738,0.0,0.64285713,1,medium
79.77097210477051,9.694455356627536,0.30040208,0.0,0.64285713,1,medium
79.66317427067617,9.038685199220286,0.3674763,0.0,0.64285713,1,medium
79.57334274226422,9.038685199220286,0.35861957,0.0,0.64285713,1,medium
79.64520796499379,9.02970204637909,0.3674763,0.0,0.64285713,1,medium
79.65419111783497,9.02970204637909,0.3674763,0.0,0.64285713,1,medium
79.66317427067617,9.02970204637909,0.28310382,0.0,0.64285713,1,medium
79.67215742351736,9.02970204637909,0.29054177,0.0,0.64285713,1,medium
79.72605634056454,9.02970204637909,0.34145615,0.0,0.64285713,1,medium
79.73503949340574,9.02970204637909,0.22606279,0.0,0.64285713,1,medium
79.54639328374063,9.0117357406967,0.296142,0.0,0.64285713,1,medium
79.6002922007878,9.020718893537897,0.32406867,0.0,0.64285713,1,medium
79.63622481215259,9.0117357406967,0.44065472,0.0,0.64285713,1,medium
79.59130904794661,8.99376943501431,0.34047493,0.0,0.64285713,1,medium
79.56435958942302,9.056651504902677,0.2961855,0.0,0.64285713,1,medium
79.55537643658182,8.99376943501431,0.36743033,0.0,0.64285713,1,medium
79.54639328374063,9.002752587855504,0.37659773,0.0,0.64285713,1,medium
79.7799552576117,8.535628640113353,0.35863498,0.0,0.64285713,1,medium
79.57334274226422,9.056651504902677,0.359914,0.0,0.64285713,1,medium
79.66317427067617,9.056651504902677,0.3400096,0.0,0.64285713,1,medium
79.67215742351736,9.056651504902677,0.3484207,0.0,0.64285713,1,medium
79.58232589510541,8.99376943501431,0.36330476,0.0,0.64285713,1,medium
79.76198895192931,8.517662334430963,0.46741953,0.0,0.64285713,1,medium
79.55537643658182,9.002752587855504,0.38423303,0.0,0.64285713,1,medium
79.56435958942302,9.002752587855504,0.37252814,0.0,0.64285713,1,medium
79.59130904794661,9.002752587855504,0.34047493,0.0,0.64285713,1,medium
79.57334274226422,8.99376943501431,0.37252814,0.0,0.64285713,1,medium
79.7799552576117,9.7573374265159,0.39462018,0.0,0.64285713,1,medium
79.56435958942302,8.99376943501431,0.37252814,0.0,0.64285713,1,medium
79.58232589510541,9.002752587855504,0.35432726,0.0,0.64285713,1,medium
79.7799552576117,8.526645487272159,0.35863498,0.0,0.64285713,1,medium
79.77097210477051,8.517662334430963,0.46212268,0.0,0.64285713,1,medium
79.6002922007878,9.0117357406967,0.32406867,0.0,0.64285713,1,medium
79.56435958942302,9.04766835206148,0.34445584,0.0,0.64285713,1,medium
79.55537643658182,9.056651504902677,0.2265765,0.0,0.64285713,1,medium
79.56435958942302,9.0117357406967,0.32543182,0.0,0.64285713,1,medium
79.57334274226422,9.0117357406967,0.3534338,0.0,0.64285713,1,medium
79.58232589510541,9.0117357406967,0.37826243,0.0,0.64285713,1,medium
79.59130904794661,9.0117357406967,0.37109274,0.0,0.64285713,1,medium
79.76198895192931,8.508679181589768,0.46741953,0.0,0.64285713,1,medium
79.6272416593114,9.0117357406967,0.47163916,0.0,0.64285713,1,medium
79.57334274226422,9.002752587855504,0.37252814,0.0,0.64285713,1,medium
79.55537643658182,9.04766835206148,0.2951476,0.0,0.64285713,1,medium
79.54639328374063,8.99376943501431,0.38423303,0.0,0.64285713,1,medium
79.54639328374063,9.04766835206148,0.2265765,0.0,0.64285713,1,medium
79.53741013089943,9.04766835206148,0.24029729,0.0,0.64285713,1,medium
79.52842697805825,9.04766835206148,0.23039505,0.0,0.64285713,1,medium
79.609275353629,9.0117357406967,0.36398524,0.0,0.64285713,1,medium
79.6182585064702,9.0117357406967,0.39434212,0.0,0.64285713,1,medium
79.59130904794661,9.101567269108653,0.22045854,0.0,0.5637954,0,low
78.97147150190413,9.263264020250164,0.21112686,0.0,0.28845027,0,low
79.4206291439639,9.128516727632237,0.09477226,0.0,0.21428572,0,low
79.77097210477051,9.433943924232874,0.08455896,0.0,0.21428572,0,low
78.98045465474533,9.263264020250164,0.09776422,0.0,0.21428572,0,low
79.41164599112271,9.128516727632237,0.08911396,0.0,0.21428572,0,low
79.13316825304565,9.245297714567776,0.18325803,0.0,0.21428572,0,low
79.54639328374063,9.056651504902677,0.18912618,0.0,0.21428572,0,low
79.71707318772334,9.46089338275646,0.09325275,0.0,0.21428572,0,low
79.69910688204095,9.46089338275646,0.081358396,0.0,0.21428572,0,low
79.12418510020446,9.23631456172658,0.09569253,0.0,0.21428572,0,low
79.44757860248748,9.110550421949847,0.103172384,0.0,0.21428572,0,low
79.76198895192931,9.42496077139168,0.09612974,0.0,0.21428572,0,low
79.77097210477051,9.42496077139168,0.104663044,0.0,0.21428572,0,low
78.96248834906294,9.263264020250164,0.19639856,0.0,0.21428572,0,low
78.98943780758653,9.263264020250164,0.13578965,0.0,0.21428572,0,low
79.47452806101107,9.110550421949847,0.11186204,0.0,0.21428572,0,low
79.33079761555194,9.335129242979727,0.10070724,0.0,0.21428572,0,low
79.45656175532868,9.110550421949847,0.10204925,0.0,0.21428572,0,low
79.7889384104529,9.398011312868094,0.12898818,0.0,0.21428572,0,low
79.0702861831573,9.227331408885384,0.1476646,0.0,0.21428572,0,low
79.11520194736326,9.227331408885384,0.08191121,0.0,0.21428572,0,low
79.7799552576117,9.406994465709287,0.11767632,0.0,0.21428572,0,low
79.77097210477051,9.406994465709287,0.110716484,0.0,0.21428572,0,low
79.76198895192931,9.406994465709287,0.1104129,0.0,0.21428572,0,low
79.75300579908813,9.406994465709287,0.10507055,0.0,0.21428572,0,low
79.55537643658182,9.406994465709287,0.10772475,0.0,0.21428572,0,low
79.54639328374063,9.406994465709287,0.090400964,0.0,0.21428572,0,low
79.11520194736326,9.254280867408973,0.16216949,0.0,0.21428572,0,low
79.7799552576117,9.415977618550484,0.11295009,0.0,0.21428572,0,low
79.77097210477051,9.415977618550484,0.09426009,0.0,0.21428572,0,low
79.76198895192931,9.415977618550484,0.09763845,0.0,0.21428572,0,low
79.44757860248748,9.119533574791042,0.10472517,0.0,0.21428572,0,low
79.45656175532868,9.119533574791042,0.1106785,0.0,0.21428572,0,low
79.7799552576117,9.42496077139168,0.1079062,0.0,0.21428572,0,low
79.68114057635856,9.46089338275646,0.16769062,0.0,0.21428572,0,low
79.77097210477051,9.523775452644829,0.09561509,0.0,0.21428572,0,low
79.74402264624693,9.532758605486022,0.13756071,0.0,0.21428572,0,low
78.99842096042772,9.18241564467941,0.09174794,0.0,0.21428572,0,low
79.00740411326892,9.18241564467941,0.09718616,0.0,0.21428572,0,low
78.98943780758653,9.164449338997018,0.08598273,0.0,0.21428572,0,low
79.74402264624693,9.51479229980363,0.088417135,0.0,0.21428572,0,low
78.98943780758653,9.173432491838213,0.09614858,0.0,0.21428572,0,low
79.7799552576117,9.523775452644829,0.091774665,0.0,0.21428572,0,low
79.76198895192931,9.523775452644829,0.081800535,0.0,0.21428572,0,low
79.75300579908813,9.523775452644829,0.085887186,0.0,0.21428572,0,low
78.98045465474533,9.164449338997018,0.08986741,0.0,0.21428572,0,low
79.74402264624693,9.523775452644829,0.12209409,0.0,0.21428572,0,low
79.52842697805825,9.038685199220286,0.20772922,0.0,0.21428572,0,low
79.7799552576117,9.532758605486022,0.08757805,0.0,0.21428572,0,low
79.77097210477051,9.532758605486022,0.098488435,0.0,0.21428572,0,low
79.76198895192931,9.532758605486022,0.12822697,0.0,0.21428572,0,low
79.75300579908813,9.532758605486022,0.12937371,0.0,0.21428572,0,low
79.77097210477051,9.541741758327218,0.10001345,0.0,0.21428572,0,low
79.75300579908813,9.541741758327218,0.10404638,0.0,0.21428572,0,low
79.74402264624693,9.541741758327218,0.14243193,0.0,0.21428572,0,low
79.73503949340574,9.541741758327218,0.19292343,0.0,0.21428572,0,low
79.72605634056454,9.550724911168412,0.07938451,0.0,0.21428572,0,low
79.7799552576117,9.568691216850803,0.08780678,0.0,0.21428572,0,low
79.4206291439639,9.155466186155824,0.17043294,0.0,0.21428572,0,low
79.54639328374063,9.074617810585066,0.18557389,0.0,0.21428572,0,low
79.75300579908813,9.577674369691998,0.11697418,0.0,0.21428572,0,low
79.4206291439639,9.146483033314627,0.08280085,0.0,0.21428572,0,low
78.98045465474533,9.173432491838213,0.10227675,0.0,0.21428572,0,low
78.99842096042772,9.191398797520604,0.088840015,0.0,0.21428572,0,low
79.73503949340574,9.47885968843885,0.20363906,0.0,0.21428572,0,low
79.41164599112271,9.137499880473433,0.09232666,0.0,0.21428572,0,low
79.54639328374063,9.065634657743871,0.17730662,0.0,0.21428572,0,low
79.55537643658182,9.065634657743871,0.19201304,0.0,0.21428572,0,low
79.74402264624693,9.487842841280044,0.07994839,0.0,0.21428572,0,low
79.4206291439639,9.137499880473433,0.09232666,0.0,0.21428572,0,low
79.72605634056454,9.469876535597656,0.18294103,0.0,0.21428572,0,low
79.2140166286164,9.209365103202996,0.07760146,0.0,0.18017621,0,low
79.77097210477051,9.51479229980363,0.0763358,0.0,0.15183881,0,low
79.13316825304565,9.23631456172658,0.075943016,0.0,0.14304453,0,low
79.77097210477051,9.568691216850803,0.07422049,0.0,0.10447826,0,low
79.76198895192931,9.568691216850803,0.06147472,0.0,0.09090909,0,low
78.76485898655665,9.04766835206148,0.049323168,0.0,0.09090909,0,low
79.53741013089943,9.406994465709287,0.05307101,0.0,0.09090909,0,low
79.73503949340574,9.469876535597656,0.056594085,0.0,0.09090909,0,low
79.00740411326892,9.191398797520604,0.0684083,0.0,0.09090909,0,low
79.74402264624693,9.406994465709287,0.0549303,0.0,0.09090909,0,low
78.93553889053936,9.254280867408973,0.070426635,0.0,0.09090909,0,low
79.7799552576117,9.541741758327218,0.065928824,0.0,0.09090909,0,low
79.74402264624693,9.568691216850803,0.049528603,0.0,0.09090909,0,low
78.72892637519188,9.04766835206148,0.048903603,0.0,0.09090909,0,low
79.76198895192931,9.541741758327218,0.07022032,0.0,0.09090909,0,low
79.77097210477051,9.550724911168412,0.06231386,0.0,0.09090909,0,low
79.7799552576117,9.550724911168412,0.058670904,0.0,0.09090909,0,low
78.98045465474533,9.380045007185704,0.051133636,0.0,0.09090909,0,low
79.76198895192931,9.550724911168412,0.05046735,0.0,0.09090909,0,low
79.75300579908813,9.568691216850803,0.05153072,0.0,0.09090909,0,low
79.73503949340574,9.550724911168412,0.059586726,0.0,0.09090909,0,low
79.7799552576117,9.559708064009609,0.058338497,0.0,0.09090909,0,low
79.77097210477051,9.559708064009609,0.047548957,0.0,0.09090909,0,low
79.76198895192931,9.559708064009609,0.056975015,0.0,0.09090909,0,low
79.75300579908813,9.559708064009609,0.054712854,0.0,0.09090909,0,low
79.74402264624693,9.559708064009609,0.052693892,0.0,0.09090909,0,low
79.73503949340574,9.559708064009609,0.04964799,0.0,0.09090909,0,low
79.75300579908813,9.658522745262754,0.06904354,0.0,0.09090909,0,low
79.70809003488215,9.46089338275646,0.044757124,0.0,0.09090909,0,low
79.75300579908813,9.550724911168412,0.056922235,0.0,0.09090909,0,low
78.98943780758653,9.18241564467941,0.06405725,0.0,0.09090909,0,low
79.73503949340574,9.42496077139168,0.055476747,0.0,0.09090909,0,low
79.7799552576117,9.51479229980363,0.0735087,0.0,0.09090909,0,low
79.08825248883967,9.245297714567776,0.042730615,0.0,0.09090909,0,low
78.75587583371545,9.04766835206148,0.05214788,0.0,0.09090909,0,low
79.73503949340574,9.433943924232874,0.04595443,0.0,0.09090909,0,low
79.74402264624693,9.433943924232874,0.04571045,0.0,0.09090909,0,low
79.75300579908813,9.433943924232874,0.048008367,0.0,0.09090909,0,low
79.76198895192931,9.433943924232874,0.07175232,0.0,0.09090909,0,low
79.74402264624693,9.496825994121242,0.052419145,0.0,0.09090909,0,low
78.98045465474533,9.18241564467941,0.052155245,0.0,0.09090909,0,low
79.7799552576117,9.505809146962436,0.04722986,0.0,0.09090909,0,low
79.77097210477051,9.505809146962436,0.043179613,0.0,0.09090909,0,low
79.53741013089943,9.42496077139168,0.045079585,0.0,0.09090909,0,low
79.72605634056454,9.42496077139168,0.04604052,0.0,0.09090909,0,low
79.19605032293401,9.209365103202996,0.054750144,0.0,0.09090909,0,low
79.20503347577521,9.209365103202996,0.058838,0.0,0.09090909,0,low
79.53741013089943,9.415977618550484,0.046148855,0.0,0.09090909,0,low
78.73790952803306,9.04766835206148,0.048903603,0.0,0.09090909,0,low
79.76198895192931,9.51479229980363,0.07217045,0.0,0.09090909,0,low
78.74689268087425,9.04766835206148,0.05214788,0.0,0.09090909,0,low
79.73503949340574,9.415977618550484,0.0556816,0.0,0.09090909,0,low
79.72605634056454,9.415977618550484,0.046361696,0.0,0.09090909,0,low
79.75300579908813,9.51479229980363,0.064036734,0.0,0.09090909,0,low
79.51046067237586,9.433943924232874,0.041919816,0.0,0.08957838,0,low
78.54926331836796,9.065634657743871,0.04164041,0.0,0.085402854,0,low
78.54926331836796,9.074617810585066,0.04164041,0.0,0.085402854,0,low
79.33978076839314,9.335129242979727,0.04016362,0.0,0.06333348,0,low
79.52842697805825,9.406994465709287,0.039916944,0.0,0.059647083,0,low
79.74402264624693,9.550724911168412,0.038885307,0.0,0.044230103,0,low
79.71707318772334,9.433943924232874,0.038309332,0.0,0.035622634,0,low
78.75587583371545,9.056651504902677,0.037930235,0.0,0.029957343,0,low
78.73790952803306,9.137499880473433,0.009940524,0.0,0.025641026,0,low
78.6660443053035,9.137499880473433,0.0112150535,0.0,0.025641026,0,low
78.75587583371545,9.146483033314627,0.01144947,0.0,0.025641026,0,low
78.90858943201577,9.146483033314627,0.020860462,0.0,0.025641026,0,low
78.77384213939784,9.146483033314627,0.014800627,0.0,0.025641026,0,low
78.89062312633338,9.146483033314627,0.015780643,0.0,0.025641026,0,low
78.91757258485697,9.146483033314627,0.019673504,0.0,0.025641026,0,low
78.87265682065099,9.119533574791042,0.015123184,0.0,0.025641026,0,low
78.89960627917458,9.146483033314627,0.016883241,0.0,0.025641026,0,low
78.75587583371545,9.137499880473433,0.0106072575,0.0,0.025641026,0,low
78.72892637519188,9.137499880473433,0.009940524,0.0,0.025641026,0,low
78.74689268087425,9.137499880473433,0.009660645,0.0,0.025641026,0,low
78.88163997349218,9.146483033314627,0.015780643,0.0,0.025641026,0,low
78.6570611524623,9.137499880473433,0.025316471,0.0,0.025641026,0,low
78.76485898655665,9.137499880473433,0.010206174,0.0,0.025641026,0,low
78.74689268087425,9.128516727632237,0.009908448,0.0,0.025641026,0,low
78.77384213939784,9.137499880473433,0.0106072575,0.0,0.025641026,0,low
78.70197691666829,9.119533574791042,0.009978275,0.0,0.025641026,0,low
78.72892637519188,9.128516727632237,0.010074548,0.0,0.025641026,0,low
78.6660443053035,9.128516727632237,0.010635031,0.0,0.025641026,0,low
78.75587583371545,9.128516727632237,0.009908448,0.0,0.025641026,0,low
78.76485898655665,9.128516727632237,0.009940524,0.0,0.025641026,0,low
78.77384213939784,9.128516727632237,0.0106072575,0.0,0.025641026,0,low
78.88163997349218,9.128516727632237,0.018107614,0.0,0.025641026,0,low
78.89062312633338,9.128516727632237,0.017601907,0.0,0.025641026,0,low
78.6570611524623,9.128516727632237,0.012104936,0.0,0.025641026,0,low
78.91757258485697,9.137499880473433,0.018372653,0.0,0.025641026,0,low
78.90858943201577,9.128516727632237,0.01908847,0.0,0.025641026,0,low
78.91757258485697,9.128516727632237,0.019879121,0.0,0.025641026,0,low
78.6750274581447,9.119533574791042,0.010885716,0.0,0.025641026,0,low
78.6840106109859,9.119533574791042,0.009871999,0.0,0.025641026,0,low
78.69299376382709,9.119533574791042,0.009978275,0.0,0.025641026,0,low
78.71096006950948,9.119533574791042,0.009978275,0.0,0.025641026,0,low
78.88163997349218,9.137499880473433,0.017601907,0.0,0.025641026,0,low
78.71994322235068,9.119533574791042,0.009978275,0.0,0.025641026,0,low
78.72892637519188,9.119533574791042,0.010561366,0.0,0.025641026,0,low
78.90858943201577,9.137499880473433,0.020590065,0.0,0.025641026,0,low
78.89960627917458,9.137499880473433,0.021859784,0.0,0.025641026,0,low
78.73790952803306,9.119533574791042,0.011731115,0.0,0.025641026,0,low
78.74689268087425,9.119533574791042,0.011268012,0.0,0.025641026,0,low
78.73790952803306,9.128516727632237,0.009676205,0.0,0.025641026,0,low
78.75587583371545,9.119533574791042,0.011268012,0.0,0.025641026,0,low
78.76485898655665,9.119533574791042,0.010147563,0.0,0.025641026,0,low
78.77384213939784,9.119533574791042,0.010147563,0.0,0.025641026,0,low
78.8457073621274,9.119533574791042,0.011039248,0.0,0.025641026,0,low
78.8546905149686,9.119533574791042,0.017252874,0.0,0.025641026,0,low
78.86367366780979,9.119533574791042,0.015265945,0.0,0.025641026,0,low
78.89062312633338,9.137499880473433,0.018988796,0.0,0.025641026,0,low
78.89960627917458,9.128516727632237,0.020860462,0.0,0.025641026,0,low
78.69299376382709,9.083600963426262,0.012305103,0.0,0.025641026,0,low
78.6750274581447,9.110550421949847,0.011059329,0.0,0.025641026,0,low
78.52231385984437,9.074617810585066,0.026705297,0.0,0.025641026,0,low
78.74689268087425,9.074617810585066,0.0153827155,0.0,0.025641026,0,low
78.73790952803306,9.074617810585066,0.018338405,0.0,0.025641026,0,low
78.72892637519188,9.074617810585066,0.019634759,0.0,0.025641026,0,low
78.6660443053035,9.074617810585066,0.018358828,0.0,0.025641026,0,low
78.6570611524623,9.074617810585066,0.019741517,0.0,0.025641026,0,low
78.56722962405036,9.074617810585066,0.030531317,0.0,0.025641026,0,low
78.55824647120916,9.074617810585066,0.029689088,0.0,0.025641026,0,low
78.54028016552677,9.074617810585066,0.029689088,0.0,0.025641026,0,low
78.53129701268557,9.074617810585066,0.027086193,0.0,0.025641026,0,low
78.51333070700318,9.074617810585066,0.017675517,0.0,0.025641026,0,low
78.6840106109859,9.110550421949847,0.011521316,0.0,0.025641026,0,low
78.77384213939784,9.083600963426262,0.0153827155,0.0,0.025641026,0,low
78.76485898655665,9.083600963426262,0.017255606,0.0,0.025641026,0,low
78.75587583371545,9.083600963426262,0.015725119,0.0,0.025641026,0,low
78.74689268087425,9.083600963426262,0.015725119,0.0,0.025641026,0,low
78.73790952803306,9.083600963426262,0.016368357,0.0,0.025641026,0,low
78.72892637519188,9.083600963426262,0.021813197,0.0,0.025641026,0,low
78.71994322235068,9.083600963426262,0.01356525,0.0,0.025641026,0,low
78.71096006950948,9.083600963426262,0.012305103,0.0,0.025641026,0,low
78.70197691666829,9.083600963426262,0.012305103,0.0,0.025641026,0,low
78.75587583371545,9.074617810585066,0.0153827155,0.0,0.025641026,0,low
78.76485898655665,9.074617810585066,0.0153827155,0.0,0.025641026,0,low
78.77384213939784,9.074617810585066,0.016181065,0.0,0.025641026,0,low
78.51333070700318,9.065634657743871,0.027673598,0.0,0.025641026,0,low
78.77384213939784,9.04766835206148,0.035281565,0.0,0.025641026,0,low
78.77384213939784,9.056651504902677,0.032984626,0.0,0.025641026,0,low
78.76485898655665,9.056651504902677,0.03553733,0.0,0.025641026,0,low
78.74689268087425,9.056651504902677,0.035209525,0.0,0.025641026,0,low
78.73790952803306,9.056651504902677,0.032982364,0.0,0.025641026,0,low
78.72892637519188,9.056651504902677,0.032982364,0.0,0.025641026,0,low
78.77384213939784,9.065634657743871,0.025557578,0.0,0.025641026,0,low
78.76485898655665,9.065634657743871,0.02652726,0.0,0.025641026,0,low
78.75587583371545,9.065634657743871,0.027282318,0.0,0.025641026,0,low
78.74689268087425,9.065634657743871,0.025950693,0.0,0.025641026,0,low
78.73790952803306,9.065634657743871,0.025950693,0.0,0.025641026,0,low
78.72892637519188,9.065634657743871,0.02700073,0.0,0.025641026,0,low
78.6660443053035,9.065634657743871,0.028889703,0.0,0.025641026,0,low
78.6570611524623,9.065634657743871,0.033203073,0.0,0.025641026,0,low
78.56722962405036,9.065634657743871,0.029689088,0.0,0.025641026,0,low
78.55824647120916,9.065634657743871,0.03199739,0.0,0.025641026,0,low
78.54028016552677,9.065634657743871,0.03199739,0.0,0.025641026,0,low
78.53129701268557,9.065634657743871,0.03199739,0.0,0.025641026,0,low
78.52231385984437,9.065634657743871,0.029239267,0.0,0.025641026,0,low
78.73790952803306,9.146483033314627,0.01144947,0.0,0.025641026,0,low
78.6840106109859,9.083600963426262,0.013199857,0.0,0.025641026,0,low
78.6750274581447,9.083600963426262,0.021813197,0.0,0.025641026,0,low
78.8546905149686,9.101567269108653,0.010173013,0.0,0.025641026,0,low
78.73790952803306,9.101567269108653,0.0108587025,0.0,0.025641026,0,low
78.72892637519188,9.101567269108653,0.012429175,0.0,0.025641026,0,low
78.71994322235068,9.101567269108653,0.012429175,0.0,0.025641026,0,low
78.71096006950948,9.101567269108653,0.012429175,0.0,0.025641026,0,low
78.70197691666829,9.101567269108653,0.012429175,0.0,0.025641026,0,low
78.69299376382709,9.101567269108653,0.012429175,0.0,0.025641026,0,low
78.6840106109859,9.101567269108653,0.012429175,0.0,0.025641026,0,low
78.6750274581447,9.101567269108653,0.012429175,0.0,0.025641026,0,low
78.87265682065099,9.110550421949847,0.015265945,0.0,0.025641026,0,low
78.86367366780979,9.110550421949847,0.014813037,0.0,0.025641026,0,low
78.8546905149686,9.110550421949847,0.011039248,0.0,0.025641026,0,low
78.8457073621274,9.110550421949847,0.011039248,0.0,0.025641026,0,low
78.77384213939784,9.110550421949847,0.014057341,0.0,0.025641026,0,low
78.76485898655665,9.110550421949847,0.014208019,0.0,0.025641026,0,low
78.72892637519188,9.110550421949847,0.011521316,0.0,0.025641026,0,low
78.71994322235068,9.110550421949847,0.011521316,0.0,0.025641026,0,low
78.71096006950948,9.110550421949847,0.011521316,0.0,0.025641026,0,low
78.70197691666829,9.110550421949847,0.011521316,0.0,0.025641026,0,low
78.69299376382709,9.110550421949847,0.011521316,0.0,0.025641026,0,low
78.8457073621274,9.101567269108653,0.010173013,0.0,0.025641026,0,low
78.86367366780979,9.101567269108653,0.019400837,0.0,0.025641026,0,low
78.58519592973275,9.083600963426262,0.0128634265,0.0,0.025641026,0,low
78.87265682065099,9.101567269108653,0.018039154,0.0,0.025641026,0,low
78.57621277689155,9.083600963426262,0.015036836,0.0,0.025641026,0,low
78.87265682065099,9.092584116267457,0.028035184,0.0,0.025641026,0,low
78.86367366780979,9.092584116267457,0.03409433,0.0,0.025641026,0,low
78.8546905149686,9.092584116267457,0.009788192,0.0,0.025641026,0,low
78.8457073621274,9.092584116267457,0.010173013,0.0,0.025641026,0,low
78.77384213939784,9.092584116267457,0.015725119,0.0,0.025641026,0,low
78.76485898655665,9.092584116267457,0.014974843,0.0,0.025641026,0,low
78.75587583371545,9.092584116267457,0.015402836,0.0,0.025641026,0,low
78.74689268087425,9.092584116267457,0.015402836,0.0,0.025641026,0,low
78.73790952803306,9.092584116267457,0.012315772,0.0,0.025641026,0,low
78.72892637519188,9.092584116267457,0.012305103,0.0,0.025641026,0,low
78.71994322235068,9.092584116267457,0.012305103,0.0,0.025641026,0,low
78.71096006950948,9.092584116267457,0.012305103,0.0,0.025641026,0,low
78.70197691666829,9.092584116267457,0.012305103,0.0,0.025641026,0,low
78.69299376382709,9.092584116267457,0.012305103,0.0,0.025641026,0,low
78.6840106109859,9.092584116267457,0.012305103,0.0,0.025641026,0,low
78.6750274581447,9.092584116267457,0.012305103,0.0,0.025641026,0,low
78.58519592973275,9.092584116267457,0.013399744,0.0,0.025641026,0,low
78.57621277689155,9.092584116267457,0.0128634265,0.0,0.025641026,0,low
78.74689268087425,9.146483033314627,0.01144947,0.0,0.025641026,0,low
79.0702861831573,9.766320579357098,0.012643068,0.0,0.025641026,0,low
78.72892637519188,9.146483033314627,0.0106072575,0.0,0.025641026,0,low
79.01638726611012,9.595640675374389,0.010506487,0.0,0.025641026,0,low
79.76198895192931,9.496825994121242,0.020015541,0.0,0.025641026,0,low
79.75300579908813,9.496825994121242,0.021000454,0.0,0.025641026,0,low
79.76198895192931,9.505809146962436,0.03661514,0.0,0.025641026,0,low
79.75300579908813,9.505809146962436,0.022826394,0.0,0.025641026,0,low
79.74402264624693,9.505809146962436,0.027045796,0.0,0.025641026,0,low
79.72605634056454,9.559708064009609,0.0369085,0.0,0.025641026,0,low
79.73503949340574,9.568691216850803,0.03280011,0.0,0.025641026,0,low
79.72605634056454,9.568691216850803,0.009933117,0.0,0.025641026,0,low
79.74402264624693,9.577674369691998,0.014424189,0.0,0.025641026,0,low
79.73503949340574,9.577674369691998,0.014533189,0.0,0.025641026,0,low
79.69012372919975,9.577674369691998,0.02031679,0.0,0.025641026,0,low
79.68114057635856,9.577674369691998,0.031858988,0.0,0.025641026,0,low
79.74402264624693,9.586657522533192,0.020796146,0.0,0.025641026,0,low
79.68114057635856,9.586657522533192,0.009919194,0.0,0.025641026,0,low
79.01638726611012,9.604623828215583,0.010506487,0.0,0.025641026,0,low
79.7799552576117,9.496825994121242,0.019682523,0.0,0.025641026,0,low
79.00740411326892,9.61360698105678,0.009648941,0.0,0.025641026,0,low
78.99842096042772,9.61360698105678,0.009648941,0.0,0.025641026,0,low
78.98943780758653,9.61360698105678,0.009648941,0.0,0.025641026,0,low
78.98045465474533,9.61360698105678,0.009648941,0.0,0.025641026,0,low
79.00740411326892,9.622590133897974,0.009648941,0.0,0.025641026,0,low
78.99842096042772,9.622590133897974,0.009648941,0.0,0.025641026,0,low
78.98943780758653,9.622590133897974,0.009648941,0.0,0.025641026,0,low
78.98045465474533,9.622590133897974,0.009648941,0.0,0.025641026,0,low
79.02537041895131,9.631573286739169,0.010790368,0.0,0.025641026,0,low
79.01638726611012,9.631573286739169,0.009943471,0.0,0.025641026,0,low
79.00740411326892,9.631573286739169,0.009648941,0.0,0.025641026,0,low
78.99842096042772,9.631573286739169,0.009648941,0.0,0.025641026,0,low
78.98045465474533,9.631573286739169,0.012643068,0.0,0.025641026,0,low
79.02537041895131,9.640556439580363,0.010790368,0.0,0.025641026,0,low
79.77097210477051,9.496825994121242,0.025624573,0.0,0.025641026,0,low
79.75300579908813,9.487842841280044,0.014041093,0.0,0.025641026,0,low
79.00740411326892,9.640556439580363,0.009943471,0.0,0.025641026,0,low
79.76198895192931,9.46089338275646,0.030104062,0.0,0.025641026,0,low
79.74402264624693,9.442927077074067,0.03184322,0.0,0.025641026,0,low
79.73503949340574,9.442927077074067,0.029072762,0.0,0.025641026,0,low
79.72605634056454,9.442927077074067,0.016196337,0.0,0.025641026,0,low
79.71707318772334,9.442927077074067,0.016299197,0.0,0.025641026,0,low
79.70809003488215,9.442927077074067,0.012469132,0.0,0.025641026,0,low
79.77097210477051,9.451910229915264,0.017851932,0.0,0.025641026,0,low
79.76198895192931,9.451910229915264,0.017851932,0.0,0.025641026,0,low
79.75300579908813,9.451910229915264,0.01679119,0.0,0.025641026,0,low
79.74402264624693,9.451910229915264,0.014964592,0.0,0.025641026,0,low
79.73503949340574,9.451910229915264,0.013558437,0.0,0.025641026,0,low
79.72605634056454,9.451910229915264,0.010879742,0.0,0.025641026,0,low
79.71707318772334,9.451910229915264,0.011359561,0.0,0.025641026,0,low
79.70809003488215,9.451910229915264,0.010468469,0.0,0.025641026,0,low
79.77097210477051,9.46089338275646,0.02982673,0.0,0.025641026,0,low
78.91757258485697,9.155466186155824,0.018988796,0.0,0.025641026,0,low
79.76198895192931,9.487842841280044,0.013282202,0.0,0.025641026,0,low
79.74402264624693,9.46089338275646,0.025463255,0.0,0.025641026,0,low
79.73503949340574,9.46089338275646,0.025656728,0.0,0.025641026,0,low
79.72605634056454,9.46089338275646,0.026320044,0.0,0.025641026,0,low
79.77097210477051,9.469876535597656,0.01628312,0.0,0.025641026,0,low
79.76198895192931,9.469876535597656,0.023772834,0.0,0.025641026,0,low
79.75300579908813,9.469876535597656,0.025275886,0.0,0.025641026,0,low
79.74402264624693,9.469876535597656,0.026797004,0.0,0.025641026,0,low
79.7799552576117,9.47885968843885,0.020989683,0.0,0.025641026,0,low
79.77097210477051,9.47885968843885,0.018022487,0.0,0.025641026,0,low
79.76198895192931,9.47885968843885,0.023818227,0.0,0.025641026,0,low
79.75300579908813,9.47885968843885,0.017916178,0.0,0.025641026,0,low
79.74402264624693,9.47885968843885,0.024540152,0.0,0.025641026,0,low
79.7799552576117,9.487842841280044,0.024716275,0.0,0.025641026,0,low
79.77097210477051,9.487842841280044,0.021201054,0.0,0.025641026,0,low
79.01638726611012,9.640556439580363,0.009943471,0.0,0.025641026,0,low
78.99842096042772,9.640556439580363,0.009648941,0.0,0.025641026,0,low
79.76198895192931,9.442927077074067,0.03303503,0.0,0.025641026,0,low
79.08825248883967,9.730387967992316,0.0098573975,0.0,0.025641026,0,low
79.07926933599848,9.70343850946873,0.012585962,0.0,0.025641026,0,low
79.77097210477051,9.712421662309929,0.011237851,0.0,0.025641026,0,low
79.08825248883967,9.712421662309929,0.011599784,0.0,0.025641026,0,low
79.07926933599848,9.712421662309929,0.011599784,0.0,0.025641026,0,low
79.77097210477051,9.72140481515112,0.017964914,0.0,0.025641026,0,low
79.76198895192931,9.72140481515112,0.015369404,0.0,0.025641026,0,low
79.75300579908813,9.72140481515112,0.0105221085,0.0,0.025641026,0,low
79.08825248883967,9.72140481515112,0.011599784,0.0,0.025641026,0,low
79.07926933599848,9.72140481515112,0.0098573975,0.0,0.025641026,0,low
79.7799552576117,9.730387967992316,0.018321807,0.0,0.025641026,0,low
79.77097210477051,9.730387967992316,0.019274086,0.0,0.025641026,0,low
79.76198895192931,9.730387967992316,0.015749287,0.0,0.025641026,0,low
79.10621879452206,9.730387967992316,0.012585962,0.0,0.025641026,0,low
79.09723564168087,9.730387967992316,0.013570884,0.0,0.025641026,0,low
79.07926933599848,9.730387967992316,0.009648941,0.0,0.025641026,0,low
79.77097210477051,9.70343850946873,0.03751381,0.0,0.025641026,0,low
79.7799552576117,9.739371120833512,0.0185404,0.0,0.025641026,0,low
79.77097210477051,9.739371120833512,0.019867966,0.0,0.025641026,0,low
79.76198895192931,9.739371120833512,0.016859673,0.0,0.025641026,0,low
79.10621879452206,9.739371120833512,0.012585962,0.0,0.025641026,0,low
79.09723564168087,9.739371120833512,0.010697038,0.0,0.025641026,0,low
79.08825248883967,9.739371120833512,0.0098573975,0.0,0.025641026,0,low
79.07926933599848,9.739371120833512,0.009648941,0.0,0.025641026,0,low
79.7799552576117,9.748354273674709,0.02063106,0.0,0.025641026,0,low
79.10621879452206,9.748354273674709,0.01125675,0.0,0.025641026,0,low
79.07926933599848,9.748354273674709,0.009648941,0.0,0.025641026,0,low
79.10621879452206,9.7573374265159,0.01125675,0.0,0.025641026,0,low
79.07926933599848,9.7573374265159,0.009648941,0.0,0.025641026,0,low
79.10621879452206,9.766320579357098,0.012911032,0.0,0.025641026,0,low
79.09723564168087,9.766320579357098,0.010973862,0.0,0.025641026,0,low
79.08825248883967,9.70343850946873,0.013059219,0.0,0.025641026,0,low
79.07926933599848,9.694455356627536,0.012585962,0.0,0.025641026,0,low
78.98943780758653,9.640556439580363,0.012643068,0.0,0.025641026,0,low
79.03435357179251,9.658522745262754,0.009766217,0.0,0.025641026,0,low
78.98045465474533,9.640556439580363,0.026517032,0.0,0.025641026,0,low
79.02537041895131,9.64953959242156,0.009943471,0.0,0.025641026,0,low
79.01638726611012,9.64953959242156,0.009766217,0.0,0.025641026,0,low
79.00740411326892,9.64953959242156,0.009943471,0.0,0.025641026,0,low
78.99842096042772,9.64953959242156,0.009943471,0.0,0.025641026,0,low
78.98943780758653,9.64953959242156,0.020463422,0.0,0.025641026,0,low
78.98045465474533,9.64953959242156,0.03379133,0.0,0.025641026,0,low
79.74402264624693,9.658522745262754,0.019141823,0.0,0.025641026,0,low
79.73503949340574,9.658522745262754,0.012497725,0.0,0.025641026,0,low
79.72605634056454,9.658522745262754,0.015560717,0.0,0.025641026,0,low
79.0702861831573,9.658522745262754,0.013035304,0.0,0.025641026,0,low
79.0613030303161,9.658522745262754,0.013035304,0.0,0.025641026,0,low
79.0523198774749,9.658522745262754,0.009766217,0.0,0.025641026,0,low
79.0433367246337,9.658522745262754,0.009766217,0.0,0.025641026,0,low
79.75300579908813,9.66750589810395,0.026184363,0.0,0.025641026,0,low
79.08825248883967,9.694455356627536,0.013073928,0.0,0.025641026,0,low
79.74402264624693,9.66750589810395,0.016286228,0.0,0.025641026,0,low
79.73503949340574,9.66750589810395,0.015407884,0.0,0.025641026,0,low
79.72605634056454,9.66750589810395,0.013726275,0.0,0.025641026,0,low
79.0702861831573,9.66750589810395,0.013035304,0.0,0.025641026,0,low
79.0613030303161,9.66750589810395,0.013035304,0.0,0.025641026,0,low
79.0523198774749,9.66750589810395,0.011354934,0.0,0.025641026,0,low
79.0433367246337,9.66750589810395,0.009766217,0.0,0.025641026,0,low
79.03435357179251,9.66750589810395,0.009766217,0.0,0.025641026,0,low
79.75300579908813,9.676489050945143,0.018949805,0.0,0.025641026,0,low
79.74402264624693,9.676489050945143,0.017079514,0.0,0.025641026,0,low
79.73503949340574,9.676489050945143,0.016419327,0.0,0.025641026,0,low
79.72605634056454,9.676489050945143,0.01090022,0.0,0.025641026,0,low
79.75300579908813,9.68547220378634,0.01296839,0.0,0.025641026,0,low
79.76198895192931,9.694455356627536,0.012997384,0.0,0.025641026,0,low
79.75300579908813,9.442927077074067,0.03577758,0.0,0.025641026,0,low
79.75300579908813,9.46089338275646,0.025060931,0.0,0.025641026,0,low
79.77097210477051,9.442927077074067,0.037288062,0.0,0.025641026,0,low
78.98943780758653,9.200381950361798,0.021928195,0.0,0.025641026,0,low
78.97147150190413,9.200381950361798,0.02038631,0.0,0.025641026,0,low
78.83672420928622,9.200381950361798,0.010866019,0.0,0.025641026,0,low
78.82774105644502,9.200381950361798,0.010866019,0.0,0.025641026,0,low
79.01638726611012,9.209365103202996,0.029188147,0.0,0.025641026,0,low
79.00740411326892,9.209365103202996,0.036004715,0.0,0.025641026,0,low
78.99842096042772,9.209365103202996,0.029990617,0.0,0.025641026,0,low
78.98943780758653,9.209365103202996,0.018916253,0.0,0.025641026,0,low
78.98045465474533,9.209365103202996,0.018916253,0.0,0.025641026,0,low
78.97147150190413,9.209365103202996,0.017381664,0.0,0.025641026,0,low
78.83672420928622,9.209365103202996,0.010866019,0.0,0.025641026,0,low
78.82774105644502,9.209365103202996,0.010455259,0.0,0.025641026,0,low
78.98943780758653,9.21834825604419,0.013919555,0.0,0.025641026,0,low
78.98045465474533,9.21834825604419,0.018540164,0.0,0.025641026,0,low
78.97147150190413,9.21834825604419,0.0108583225,0.0,0.025641026,0,low
79.09723564168087,9.227331408885384,0.018820427,0.0,0.025641026,0,low
79.08825248883967,9.227331408885384,0.019999446,0.0,0.025641026,0,low
79.07926933599848,9.227331408885384,0.03344003,0.0,0.025641026,0,low
78.98943780758653,9.227331408885384,0.016222106,0.0,0.025641026,0,low
78.98045465474533,9.227331408885384,0.012243553,0.0,0.025641026,0,low
79.11520194736326,9.23631456172658,0.018081564,0.0,0.025641026,0,low
79.10621879452206,9.23631456172658,0.014334963,0.0,0.025641026,0,low
79.09723564168087,9.23631456172658,0.0123729585,0.0,0.025641026,0,low
79.08825248883967,9.23631456172658,0.0123729585,0.0,0.025641026,0,low
79.07926933599848,9.23631456172658,0.018795252,0.0,0.025641026,0,low
79.0702861831573,9.23631456172658,0.033323403,0.0,0.025641026,0,low
79.51944382521705,9.433943924232874,0.036388166,0.0,0.025641026,0,low
79.11520194736326,9.245297714567776,0.030037804,0.0,0.025641026,0,low
78.98045465474533,9.200381950361798,0.02038631,0.0,0.025641026,0,low
78.99842096042772,9.200381950361798,0.033143178,0.0,0.025641026,0,low
79.09723564168087,9.245297714567776,0.029916784,0.0,0.025641026,0,low
79.00740411326892,9.200381950361798,0.02713397,0.0,0.025641026,0,low
78.90858943201577,9.155466186155824,0.019673504,0.0,0.025641026,0,low
78.89960627917458,9.155466186155824,0.017542062,0.0,0.025641026,0,low
78.89062312633338,9.155466186155824,0.015780643,0.0,0.025641026,0,low
78.88163997349218,9.155466186155824,0.0152293155,0.0,0.025641026,0,low
78.77384213939784,9.155466186155824,0.014283048,0.0,0.025641026,0,low
78.76485898655665,9.155466186155824,0.014283048,0.0,0.025641026,0,low
78.75587583371545,9.155466186155824,0.0106072575,0.0,0.025641026,0,low
78.74689268087425,9.155466186155824,0.0106072575,0.0,0.025641026,0,low
78.81875790360382,9.164449338997018,0.026972484,0.0,0.025641026,0,low
78.80977475076263,9.164449338997018,0.026501654,0.0,0.025641026,0,low
78.80079159792143,9.164449338997018,0.02984474,0.0,0.025641026,0,low
78.79180844508024,9.164449338997018,0.028569423,0.0,0.025641026,0,low
78.78282529223904,9.164449338997018,0.026501654,0.0,0.025641026,0,low
78.81875790360382,9.173432491838213,0.026422666,0.0,0.025641026,0,low
78.80977475076263,9.173432491838213,0.026501654,0.0,0.025641026,0,low
78.80079159792143,9.173432491838213,0.029589169,0.0,0.025641026,0,low
78.79180844508024,9.173432491838213,0.026501654,0.0,0.025641026,0,low
78.78282529223904,9.173432491838213,0.026501654,0.0,0.025641026,0,low
78.97147150190413,9.18241564467941,0.026399352,0.0,0.025641026,0,low
78.83672420928622,9.18241564467941,0.011887636,0.0,0.025641026,0,low
78.82774105644502,9.18241564467941,0.011887636,0.0,0.025641026,0,low
78.98943780758653,9.191398797520604,0.02693081,0.0,0.025641026,0,low
78.98045465474533,9.191398797520604,0.02071457,0.0,0.025641026,0,low
78.97147150190413,9.191398797520604,0.020349253,0.0,0.025641026,0,low
78.83672420928622,9.191398797520604,0.010455259,0.0,0.025641026,0,low
78.82774105644502,9.191398797520604,0.010735699,0.0,0.025641026,0,low
79.01638726611012,9.200381950361798,0.026658526,0.0,0.025641026,0,low
79.10621879452206,9.245297714567776,0.029988384,0.0,0.025641026,0,low
79.10621879452206,9.227331408885384,0.022792412,0.0,0.025641026,0,low
78.99842096042772,9.389028160026898,0.011276866,0.0,0.025641026,0,low
78.94452204338056,9.254280867408973,0.0326748,0.0,0.025641026,0,low
79.51944382521705,9.42496077139168,0.028714107,0.0,0.025641026,0,low
78.98943780758653,9.380045007185704,0.018151691,0.0,0.025641026,0,low
78.99842096042772,9.380045007185704,0.010817382,0.0,0.025641026,0,low
79.00740411326892,9.380045007185704,0.015410728,0.0,0.025641026,0,low
79.01638726611012,9.380045007185704,0.014826946,0.0,0.025641026,0,low
78.93553889053936,9.245297714567776,0.01868414,0.0,0.025641026,0,low
78.92655573769817,9.245297714567776,0.021047626,0.0,0.025641026,0,low
79.02537041895131,9.380045007185704,0.018194623,0.0,0.025641026,0,low
79.52842697805825,9.42496077139168,0.03477095,0.0,0.025641026,0,low
78.96248834906294,9.254280867408973,0.010782619,0.0,0.025641026,0,low
79.49249436669346,9.415977618550484,0.021978434,0.0,0.025641026,0,low
79.50147751953466,9.415977618550484,0.023569942,0.0,0.025641026,0,low
78.95350519622176,9.254280867408973,0.016266897,0.0,0.025641026,0,low
79.51046067237586,9.415977618550484,0.02296549,0.0,0.025641026,0,low
79.51944382521705,9.415977618550484,0.02280222,0.0,0.025641026,0,low
79.52842697805825,9.415977618550484,0.03705922,0.0,0.025641026,0,low
78.98943780758653,9.254280867408973,0.0136649115,0.0,0.025641026,0,low
78.98045465474533,9.254280867408973,0.011584787,0.0,0.025641026,0,low
79.02537041895131,9.389028160026898,0.017511755,0.0,0.025641026,0,low
78.97147150190413,9.254280867408973,0.011052562,0.0,0.025641026,0,low
78.98045465474533,9.389028160026898,0.020903775,0.0,0.025641026,0,low
79.49249436669346,9.406994465709287,0.021469193,0.0,0.025641026,0,low
79.00740411326892,9.398011312868094,0.010126424,0.0,0.025641026,0,low
79.01638726611012,9.398011312868094,0.010126424,0.0,0.025641026,0,low
79.02537041895131,9.398011312868094,0.01630933,0.0,0.025641026,0,low
79.51046067237586,9.406994465709287,0.020911407,0.0,0.025641026,0,low
79.50147751953466,9.406994465709287,0.023024695,0.0,0.025641026,0,low
79.51046067237586,9.42496077139168,0.03232227,0.0,0.025641026,0,low
79.72605634056454,9.433943924232874,0.034930207,0.0,0.025641026,0,low
78.98943780758653,9.389028160026898,0.012760684,0.0,0.025641026,0,low
78.99842096042772,9.398011312868094,0.010405766,0.0,0.025641026,0,low
79.00740411326892,9.389028160026898,0.014029776,0.0,0.025641026,0,low
79.49249436669346,9.42496077139168,0.029488562,0.0,0.025641026,0,low
78.98943780758653,9.398011312868094,0.012760684,0.0,0.025641026,0,low
78.98045465474533,9.398011312868094,0.012689067,0.0,0.025641026,0,low
79.50147751953466,9.42496077139168,0.033490304,0.0,0.025641026,0,low
79.01638726611012,9.389028160026898,0.014268615,0.0,0.025641026,0,low
79.51944382521705,9.406994465709287,0.027577007,0.0,0.025641026,0,low
79.72605634056454,9.577674369691998,0.009580316,0.0,0.021867294,0,low
79.08825248883967,9.748354273674709,0.0095653925,0.0,0.020792058,0,low
79.08825248883967,9.7573374265159,0.0095653925,0.0,0.020792058,0,low
79.09723564168087,9.7573374265159,0.0095653925,0.0,0.020792058,0,low
79.09723564168087,9.748354273674709,0.0095653925,0.0,0.020792058,0,low
78.98943780758653,9.23631456172658,0.009562768,0.0,0.020602966,0,low
79.0702861831573,9.730387967992316,0.009476887,0.0,0.014415251,0,low
79.07926933599848,9.766320579357098,0.009476887,0.0,0.014415251,0,low
79.0702861831573,9.739371120833512,0.009476887,0.0,0.014415251,0,low
78.98943780758653,9.631573286739169,0.009476887,0.0,0.014415251,0,low
79.0702861831573,9.748354273674709,0.009476887,0.0,0.014415251,0,low
79.0702861831573,9.7573374265159,0.009476887,0.0,0.014415251,0,low
78.98045465474533,9.604623828215583,0.009394813,0.0,0.008501849,0,low
79.08825248883967,9.766320579357098,0.009394813,0.0,0.008501849,0,low
79.00740411326892,9.595640675374389,0.009394813,0.0,0.008501849,0,low
78.99842096042772,9.595640675374389,0.009394813,0.0,0.008501849,0,low
78.98943780758653,9.595640675374389,0.009394813,0.0,0.008501849,0,low
78.98045465474533,9.595640675374389,0.009394813,0.0,0.008501849,0,low
79.00740411326892,9.604623828215583,0.009394813,0.0,0.008501849,0,low
78.99842096042772,9.604623828215583,0.009394813,0.0,0.008501849,0,low
78.98943780758653,9.604623828215583,0.009394813,0.0,0.008501849,0,low
78.75587583371545,9.110550421949847,0.009379547,0.0,0.0074019185,0,low
78.74689268087425,9.110550421949847,0.009379547,0.0,0.0074019185,0,low
78.73790952803306,9.155466186155824,0.009295019,0.0,0.0013117035,0,low
78.72892637519188,9.155466186155824,0.009295019,0.0,0.0013117035,0,low
78.74689268087425,9.101567269108653,0.008681036,0.0,0.0,0,low
78.52231385984437,9.083600963426262,0.008268942,0.0,0.0,0,low
78.51333070700318,9.083600963426262,0.008268942,0.0,0.0,0,low
79.69910688204095,9.451910229915264,0.008005179,0.0,0.0,0,low
78.76485898655665,9.146483033314627,0.008393493,0.0,0.0,0,low
79.69910688204095,9.442927077074067,0.008783874,0.0,0.0,0,low
79.74402264624693,9.72140481515112,0.008764063,0.0,0.0,0,low
78.52231385984437,9.092584116267457,0.008021929,0.0,0.0,0,low
78.77384213939784,9.101567269108653,0.008681036,0.0,0.0,0,low
78.51333070700318,9.092584116267457,0.008021929,0.0,0.0,0,low
78.76485898655665,9.101567269108653,0.008681036,0.0,0.0,0,low
78.75587583371545,9.101567269108653,0.008681036,0.0,0.0,0,low
79.69012372919975,9.586657522533192,0.0076019904,0.0,0.0,0,low
79.74402264624693,9.712421662309929,0.007903828,0.0,0.0,0,low
78.92655573769817,9.23631456172658,0.004768519,0.0,0.0,0,low
79.73503949340574,9.586657522533192,0.008798683,0.0,0.0,0,low
79.72605634056454,9.586657522533192,0.0074432734,0.0,0.0,0,low
78.97147150190413,9.23631456172658,0.0056385444,0.0,0.0,0,low
78.96248834906294,9.23631456172658,0.0070022736,0.0,0.0,0,low
78.95350519622176,9.23631456172658,0.0076829167,0.0,0.0,0,low
78.94452204338056,9.23631456172658,0.0064386516,0.0,0.0,0,low
78.93553889053936,9.23631456172658,0.0047270255,0.0,0.0,0,low
79.71707318772334,9.586657522533192,0.006873767,0.0,0.0,0,low
79.69910688204095,9.577674369691998,0.0049802493,0.0,0.0,0,low
79.70809003488215,9.586657522533192,0.0065968954,0.0,0.0,0,low
79.69910688204095,9.586657522533192,0.006548748,0.0,0.0,0,low
78.98943780758653,9.245297714567776,0.008987883,0.0,0.0,0,low
78.73790952803306,9.110550421949847,0.008803478,0.0,0.0,0,low
78.98045465474533,9.245297714567776,0.007755592,0.0,0.0,0,low
78.97147150190413,9.245297714567776,0.007976757,0.0,0.0,0,low
78.96248834906294,9.245297714567776,0.008088709,0.0,0.0,0,low
78.94452204338056,9.245297714567776,0.009169112,0.0,0.0,0,low
79.70809003488215,9.577674369691998,0.0050169234,0.0,0.0,0,low
79.75300579908813,9.712421662309929,0.00873575,0.0,0.0,0,low
79.73503949340574,9.68547220378634,0.008445959,0.0,0.0,0,low
79.76198895192931,9.712421662309929,0.008422032,0.0,0.0,0,low
79.74402264624693,9.70343850946873,0.0074865706,0.0,0.0,0,low
79.75300579908813,9.70343850946873,0.0074865706,0.0,0.0,0,low
79.76198895192931,9.70343850946873,0.00811624,0.0,0.0,0,low
79.74402264624693,9.694455356627536,0.0077816187,0.0,0.0,0,low
79.75300579908813,9.694455356627536,0.008062449,0.0,0.0,0,low
79.72605634056454,9.68547220378634,0.008445959,0.0,0.0,0,low
79.74402264624693,9.68547220378634,0.008594192,0.0,0.0,0,low
78.92655573769817,9.227331408885384,0.0050385683,0.0,0.0,0,low
78.95350519622176,9.245297714567776,0.007581377,0.0,0.0,0,low
79.71707318772334,9.577674369691998,0.0069431607,0.0,0.0,0,low
78.97147150190413,9.227331408885384,0.009109991,0.0,0.0,0,low
78.96248834906294,9.227331408885384,0.0070022736,0.0,0.0,0,low
78.95350519622176,9.227331408885384,0.0072783725,0.0,0.0,0,low
78.94452204338056,9.227331408885384,0.007581377,0.0,0.0,0,low
78.93553889053936,9.227331408885384,0.0047270255,0.0,0.0,0,low
78.98045465474533,9.23631456172658,0.008204853,0.0,0.0,0,low
