lon,lat,depth,slope,distance_to_shore,shallow_mask,rain_mean,rain_std,extreme_rain,wind_mean,wind_std,chl_mean,chl_std,turb_mean,turb_std,cyclone,wave_mean,wave_std,sal_mean,sal_std,sal_shock_days,current_mean,extreme_wave_days,sst_mean,sst_var,heat_stress_freq,label
79.08128459861717,9.25651925310769,0.013606445,0.11161952,987.214,1.0,0.08459607,0.117394015,4.0,5.0568595,1.7011083,3.0508296,0.19871975,947.0736,1401.9148,0.733126,0.7564318,0.12966114,30.915663,1.0117164,0.0,0.10294175,0.0,29.357723,2.2783434,312.0,1
78.40754813552753,9.094822501966176,0.763538,0.053107634,988.11163,1.0,0.073384106,0.07036719,0.0,2.384434,0.9349498,3.4887755,6.6906185,592.29346,671.67114,0.1422601,0.70487905,0.089869894,31.026375,0.33307987,0.0,0.06840087,0.0,29.522314,2.129948,294.0,0
78.12907039745049,8.645664859906416,0.6776943,0.035255745,989.54193,1.0,0.06842195,0.097602494,1.0,4.512818,1.6193554,0.9995168,3.9620337,494.79886,556.62164,0.22022061,1.1221371,0.16129725,33.72593,1.3353972,0.0,0.18454379,0.0,28.705782,1.2237211,287.0,0
78.77585740201654,9.211603488901714,1.2391553,0.062569514,993.89844,1.0,0.070630796,0.08169619,0.0,3.385265,1.1929233,4.2365108,2.6054437,824.8678,1719.5924,0.27563944,0.65743166,0.21723354,31.078455,0.8439966,0.0,0.059750926,0.0,29.473392,2.2903671,0.0,0
79.00941937588762,9.265502405948885,0.14881523,0.037218425,987.22516,1.0,0.08477092,0.11714633,4.0,4.979267,1.6597937,2.062792,0.0,839.4366,1251.392,0.4794555,0.68516946,0.11098628,32.792492,2.6365066,0.0,0.14208488,0.0,29.19897,2.2922597,988.0,0
78.14703670313287,8.564816484335658,0.03190064,0.03143255,989.73706,1.0,0.07002568,0.0999605,1.0,4.610906,1.6837584,0.69987637,2.0351124,635.00134,1053.3776,0.2992362,1.1717339,0.17506859,33.588364,0.96739876,0.0,0.17039117,0.0,28.78117,1.0956537,269.0,0
79.66518953329486,9.561946449708328,1.0695045,0.0890945,993.4471,1.0,0.09188385,0.123175025,3.0,5.5894437,1.9045063,1.9256372,0.27697006,888.2604,1720.4978,0.5339438,0.5132886,0.12809157,32.662273,2.1470816,0.0,0.13252673,0.0,29.123243,1.8540372,551.0,0
79.75502106170681,9.588895908231914,0.86262184,0.06319167,985.9516,1.0,0.0918677,0.120921165,3.0,5.5814843,1.9727494,2.1907365,0.38660252,924.01306,1673.8737,0.467649,0.51054794,0.14038964,31.218248,0.7221183,0.0,0.08948384,0.0,29.339123,1.9733623,253.0,0
79.7909536730716,9.103805654807372,2.3027768,0.22266814,993.37476,1.0,0.08224458,0.10094305,2.0,5.787103,2.5420394,2.8826191,0.5578529,732.18695,740.20355,0.38665068,0.6443607,0.1536407,32.184525,0.12389076,0.0,0.049055208,0.0,29.274292,1.6859862,0.0,0
79.33281287817064,9.27448555879008,0.9190401,0.043331467,987.03046,1.0,0.08784123,0.1220419,4.0,5.5277896,1.9452018,1.9755989,0.36507833,554.77185,765.01544,6.409478,0.6525661,0.1481809,31.233541,1.3492826,0.0,0.5228483,0.0,29.165272,2.002092,230.0,0
78.12907039745049,8.474984955923707,0.8621549,0.08582242,989.98395,1.0,0.078643374,0.11263127,2.0,5.1379848,2.0298293,0.9477389,3.3451676,632.24677,1081.4813,0.7259662,1.2264198,0.19135702,33.453793,0.69227993,0.0,0.19659914,0.0,28.845358,1.0658789,116.0,0
78.14703670313287,8.591765942859244,0.5586827,0.033023067,989.6672,1.0,0.06842195,0.097602494,1.0,4.512818,1.6193554,0.85591966,3.2945805,592.7812,988.0738,0.26530993,1.1717339,0.17506859,33.0182,0.3046929,0.0,0.116024226,0.0,28.954212,1.0683442,120.0,0
78.70399217928697,9.184654030378129,0.34376615,0.029027862,993.9453,1.0,0.06881363,0.075593345,0.0,2.9502003,1.0605574,3.1107512,3.7351518,570.51984,1017.86237,0.34926727,0.5254248,0.06735957,30.448812,0.13318573,0.0,0.04583202,0.0,29.53351,2.1993482,300.0,0
79.63824007477128,9.517030685502352,2.4047608,0.07292653,1972.4027,1.0,0.088546924,0.11857175,3.0,5.6788907,2.0323288,1.6956816,0.42558476,812.6106,1587.7537,0.67340726,0.5511048,0.1370654,32.32502,1.9337494,0.0,0.12344557,0.0,29.15039,1.8753263,0.0,0
79.68315583897726,9.552963296867132,1.1515293,0.069642425,986.0857,1.0,0.09121647,0.12225437,3.0,5.6073327,1.9300709,2.002439,0.24508405,855.9645,1460.0549,0.54182094,0.52085185,0.12988633,32.82077,2.2896128,0.0,0.1372335,0.0,29.099266,1.834153,0.0,0
79.00941937588762,9.705676895167452,0.4075536,0.040809255,985.9707,1.0,0.08118141,0.10532673,2.0,3.8418903,1.129186,3.8966353,1.0399338,508.81287,679.7058,0.29937565,0.5573199,0.18624033,30.27951,0.13667151,0.0,0.022260318,0.0,29.997105,2.76728,458.0,0
79.34179603101184,9.301435017313668,2.4809034,0.0962924,1973.9055,1.0,0.08951718,0.12522586,4.0,5.488249,1.8821713,1.9758339,0.43407208,526.04333,741.26434,6.3155665,0.630937,0.1584666,32.729927,2.5434067,0.0,0.5825061,0.0,29.004795,1.9774811,0.0,0
78.22788507870364,8.960075209348249,0.40716308,0.03949312,988.6221,1.0,0.06960993,0.07749961,1.0,3.1706955,1.1757395,1.7206879,5.7410045,488.84665,562.95605,0.13270058,0.87244356,0.10922079,32.129025,0.5929731,0.0,0.14008544,0.0,29.155832,1.6276594,155.0,0
78.18296931449765,8.861260528095102,0.8831224,0.04066355,988.9256,1.0,0.068397745,0.079790406,1.0,3.4232273,1.2530763,1.1614608,4.356723,447.58466,489.65213,0.14486395,0.9882661,0.1306089,32.533607,0.6027729,0.0,0.14476977,0.0,29.021656,1.4707268,137.0,0
78.71297533212817,9.184654030378129,0.4718976,0.033892527,993.9392,1.0,0.06881363,0.075593345,0.0,2.9502003,1.0605574,3.1404276,4.164401,522.99225,742.6307,0.34864736,0.5284674,0.06880748,30.606306,0.30521423,0.0,0.050870225,0.0,29.509813,2.2157872,300.0,0
79.7909536730716,9.03194043207781,1.75529,0.09646029,993.3714,1.0,0.08224458,0.10094305,2.0,5.787103,2.5420394,2.8374913,0.9891817,757.98145,1089.547,0.35342318,0.77476937,0.30795518,33.577877,1.6684285,0.0,0.06766917,0.0,29.119322,1.7246069,525.0,1
78.8387394719049,9.229569794584105,1.0,0.029050818,993.8584,1.0,0.07236005,0.08682311,1.0,3.744074,1.2862216,2.6884432,2.336954,669.43005,1285.2258,0.27930844,0.65743166,0.21723354,30.46364,0.41958797,0.0,0.04164405,0.0,29.489746,2.2762737,315.0,0
79.65620638045367,9.552963296867132,0.4824538,0.0879195,986.0927,1.0,0.09121647,0.12225437,3.0,5.6073327,1.9300709,1.8852788,0.29840562,1116.2223,1029.2018,0.55664426,0.52085185,0.12988633,32.93531,2.3926184,0.0,0.14063503,0.0,29.081938,1.819783,551.0,0
78.92857100031686,9.508047532661156,0.41872028,0.03252557,986.5919,1.0,0.07465759,0.08129492,0.0,2.7905293,0.91622823,3.3832097,0.9854208,371.12442,239.19838,0.30734894,0.5048072,0.2526664,31.436905,1.3083289,0.0,0.020792246,0.0,29.731316,2.7255757,443.0,0
79.64722322761247,9.552963296867132,2.00359,0.1118357,1399.7708,1.0,0.09121647,0.12225437,3.0,5.6073327,1.9300709,1.8449203,0.31984115,635.20154,1278.3281,0.5622488,0.52085185,0.12988633,32.94731,2.4041684,0.0,0.14102255,0.0,29.07997,1.8182901,551.0,0
79.33281287817064,9.229569794584105,0.48285195,0.047576256,993.5775,1.0,0.08457933,0.115844995,4.0,5.6047473,2.0678773,1.7099112,0.56440943,1451.781,930.214,5.158729,0.6932584,0.17057057,30.371367,0.66493,0.0,0.44839004,0.0,29.239693,1.9975805,230.0,0
79.71010529750085,9.534996991184745,0.19963895,0.036797572,993.42816,1.0,0.089881696,0.12041306,3.0,5.6431117,1.9811999,1.9553806,0.4825298,1145.932,1862.2267,0.5671453,0.5348046,0.13458177,32.944256,2.4073048,0.0,0.1585787,0.0,29.096788,1.7798928,0.0,0
79.7909536730716,9.65177797812028,0.7104849,0.03308463,993.4052,1.0,0.09138614,0.117542304,2.0,5.5841846,2.0734556,2.1450298,0.29254475,895.21655,1391.6243,0.41084763,0.5082133,0.23715232,32.924496,2.3730443,0.0,0.15367907,0.0,29.161179,1.8340905,596.0,1
79.2160318912351,9.301435017313668,1.2931104,0.084674105,993.6407,1.0,0.08675048,0.11920984,4.0,4.960775,1.6339544,1.8963906,0.44975063,629.24896,1195.1578,2.1479247,0.6741693,0.17796339,30.71374,0.8673909,0.0,0.29841968,0.0,29.359354,2.1827595,0.0,1
78.1200872446093,8.466001803082511,1.2850183,0.08586901,990.01465,1.0,0.078643374,0.11263127,2.0,5.1379848,2.0298293,0.9477389,3.3451676,632.24677,1081.4813,0.9166907,1.231491,0.19286487,33.272102,0.49097103,0.0,0.18957466,0.0,28.877964,1.0659556,116.0,0
79.69213899181845,9.094822501966176,1.7584671,0.13795519,987.3664,1.0,0.08078151,0.10505176,2.0,5.9046297,2.3972535,3.1512418,1.3839705,1009.4261,1034.4202,0.44510156,0.69734603,0.1537525,31.917454,0.2584458,0.0,0.06420862,0.0,29.249016,1.7228588,176.0,1
79.33281287817064,9.265502405948885,0.7441051,0.037733573,987.05554,1.0,0.08718885,0.12080252,4.0,5.5431814,1.9697369,1.9755989,0.36507833,581.67114,873.66327,5.560936,0.6597758,0.14475234,30.993277,1.1577067,0.0,0.5130735,0.0,29.191124,2.0063498,230.0,0
79.70112214465965,9.103805654807372,1.6953098,0.16194971,987.3383,1.0,0.08078151,0.10505176,2.0,5.9046297,2.3972535,3.2789617,1.2583547,1001.9238,882.5347,0.44371405,0.68363994,0.15433457,31.890036,0.22407901,0.0,0.062777616,0.0,29.253164,1.7261282,176.0,1
78.16500300881526,8.735496388318367,0.14636342,0.02695512,989.27527,1.0,0.06840397,0.084366314,1.0,3.703142,1.3471731,0.9448019,2.996127,504.62973,762.625,0.17983595,1.0754412,0.1499404,33.403744,1.1704246,0.0,0.1463579,0.0,28.839788,1.3245823,444.0,0
79.08128459861717,9.786525270738208,0.7593661,0.03230366,985.6917,1.0,0.07944634,0.096319236,2.0,3.2321534,0.95598346,3.1781666,0.8290876,464.45996,455.08066,0.31651148,0.53426796,0.17810106,30.792686,1.0484561,0.0,0.05229796,0.0,29.809557,2.716769,0.0,0
78.38958182984514,9.08583934912498,0.19171496,0.049162436,988.15015,1.0,0.073384106,0.07036719,0.0,2.384434,0.9349498,2.9890125,5.8755813,566.1078,616.3499,0.1396419,0.70487905,0.089869894,31.425127,0.7588443,0.0,0.08080332,0.0,29.46055,2.1678007,294.0,0
79.05433514009358,9.247536100266496,1.777432,0.08028301,993.72784,1.0,0.08442122,0.1176417,4.0,5.1344514,1.7424229,3.1646044,0.2863338,741.1017,1203.7673,0.61877346,0.74519163,0.11866237,32.51947,2.4026098,0.0,0.14816615,0.0,29.144083,2.207103,655.0,0
79.68315583897726,9.48109807413757,1.0028566,0.044215977,986.2883,1.0,0.08587739,0.11488914,3.0,5.7504487,2.1345868,1.6084317,0.42007765,777.40247,1175.3787,0.74715817,0.5747969,0.14246297,29.912474,0.16697018,0.0,0.0611031,0.0,29.370052,1.9255795,0.0,0
79.15314982134674,9.27448555879008,0.73401636,0.016110426,987.1189,1.0,0.08494576,0.11689864,4.0,4.901675,1.6184791,2.5826075,0.6827305,979.47906,1365.1836,1.2584769,0.7283375,0.15665646,32.6041,2.4657898,0.0,0.2560267,0.0,29.099405,2.1092486,619.0,1
78.47941335825709,9.112788807648569,1.586854,0.035242584,994.1025,1.0,0.07279528,0.07104049,0.0,2.4573236,0.95113224,3.9885387,7.505656,705.0991,919.2548,0.15933324,0.70487905,0.089869894,31.353378,0.71001273,0.0,0.07499461,0.0,29.487062,2.184759,294.0,0
78.12907039745049,8.663631165588805,0.5350322,0.03605844,989.4949,1.0,0.06842195,0.097602494,1.0,4.512818,1.6193554,0.8477391,2.7562273,502.28113,616.664,0.20848328,1.1221371,0.16129725,33.52138,1.0784076,0.0,0.15691711,0.0,28.772104,1.202535,287.0,0
79.7999368259128,9.66974428380267,0.9824476,0.05710111,985.7041,1.0,0.091265745,0.11669759,2.0,5.5848594,2.098632,2.146996,0.24124943,977.0745,1464.617,0.4001948,0.51078737,0.25545365,32.93305,2.3853638,0.0,0.15428866,0.0,29.171598,1.8387223,596.0,0
79.01840252872881,9.25651925310769,1.6047703,0.096298955,993.74927,1.0,0.08459607,0.117394015,4.0,5.0568595,1.7011083,2.062792,0.0,636.8894,1151.3329,0.5031291,0.6970214,0.11232029,32.791958,2.6369367,0.0,0.14508487,0.0,29.178959,2.2710292,988.0,0
79.72807160318324,9.112788807648569,0.23123692,0.1047316,987.30347,1.0,0.080839396,0.104889214,2.0,5.89998,2.4029815,3.0558474,0.6615885,834.8707,1120.2725,0.42610565,0.6577715,0.15505049,32.052406,0.1688389,0.0,0.055211585,0.0,29.264814,1.7039953,177.0,1
79.67417268613606,9.561946449708328,1.2497923,0.07820745,993.44354,1.0,0.09188385,0.123175025,3.0,5.5894437,1.9045063,1.9659958,0.2555345,872.33167,1573.8276,0.52987933,0.5132886,0.12809157,32.40151,1.9125797,0.0,0.124782816,0.0,29.162693,1.8867519,551.0,0
79.65620638045367,9.49906437981996,0.6436477,0.089664616,986.2475,1.0,0.08721215,0.116730444,3.0,5.7146697,2.0834577,1.623011,0.4229152,897.651,1497.7542,0.72175604,0.5659065,0.14056674,32.956955,2.4120822,0.0,0.14127778,0.0,29.078663,1.8170676,0.0,0
78.96450361168164,9.265502405948885,0.8792828,0.03310825,993.78186,1.0,0.078798614,0.10002991,4.0,4.1495953,1.3911608,2.062792,0.0,737.3091,1361.5742,0.39422297,0.5944667,0.09508675,30.688005,0.78279704,0.0,0.06530915,0.0,29.45659,2.3375945,319.0,1
78.92857100031686,9.49906437981996,0.190902,0.029810933,986.6177,1.0,0.07435023,0.08112667,0.0,2.8518562,0.9381121,3.3333151,1.0177231,384.48083,360.8363,0.30858144,0.6377419,0.20880936,31.428694,1.2951013,0.0,0.020743676,0.0,29.734024,2.7266624,443.0,0
79.32382972532945,9.2385529474253,0.078461036,0.030312087,987.13074,1.0,0.085231714,0.11708438,4.0,5.589356,2.043342,1.5089638,0.6285143,1603.075,846.60675,5.4819293,0.67746884,0.1467557,31.087923,1.2248229,0.0,0.51171166,0.0,29.171167,1.9864595,547.0,0
78.17398616165646,8.834311069571516,0.75387394,0.07384122,989.0052,1.0,0.068397745,0.079790406,1.0,3.4232273,1.2530763,1.1199765,3.8887808,490.24042,769.87463,0.15012924,0.9882661,0.1306089,32.682148,0.6957204,0.0,0.1509554,0.0,28.96309,1.452698,137.0,0
79.02738568157001,9.732626353691035,0.6582784,0.034864552,993.76935,1.0,0.08118141,0.10532673,2.0,3.8418903,1.129186,4.001006,0.18112645,494.39697,567.2935,0.30172828,0.528058,0.17661819,31.746801,1.9388531,16.0,0.058194704,0.0,29.651943,2.684549,1018.0,0
78.34466606563917,9.040923584919003,0.12550448,0.04439288,988.30817,1.0,0.073384106,0.07036719,0.0,2.384434,0.9349498,2.3184288,7.633801,518.638,538.2052,0.13746549,0.74292314,0.09335449,33.036198,2.4251907,0.0,0.13222454,0.0,29.189878,2.2758746,702.0,0
78.92857100031686,9.490081226978766,0.65293425,0.037160274,986.64343,1.0,0.07404287,0.08095841,0.0,2.913183,0.95999587,3.2456253,1.0744942,410.78848,438.92188,0.31073168,0.5595071,0.2640693,31.342545,1.1562974,0.0,0.020234002,0.0,29.762438,2.738066,443.0,0
79.29688026680586,9.328384475837252,1.5723377,0.12157865,993.6003,1.0,0.08951718,0.12522586,4.0,5.488249,1.8821713,2.2086024,0.6749842,724.5442,1208.9884,9.947075,0.6318011,0.1675405,32.814835,2.6101394,0.0,0.58718115,0.0,28.995117,1.9740694,0.0,1
78.12907039745049,8.65464801274761,0.6728928,0.035134356,989.5184,1.0,0.06842195,0.097602494,1.0,4.512818,1.6193554,0.923628,3.3591306,502.5733,627.2996,0.2144721,1.1221371,0.16129725,33.711357,1.3249186,0.0,0.18044949,0.0,28.709547,1.2267398,287.0,0
79.2339981969175,9.301435017313668,1.0895357,0.04728116,993.6312,1.0,0.08757492,0.12100255,4.0,5.117956,1.7079202,1.8963906,0.44975063,718.48755,1553.0798,2.9050267,0.6741693,0.17796339,31.82609,1.7903255,0.0,0.4432758,0.0,29.244293,2.1336048,0.0,1
79.64722322761247,9.49906437981996,2.4361343,0.09401503,1399.8599,1.0,0.08721215,0.116730444,3.0,5.7146697,2.0834577,1.6304835,0.42199343,796.2184,1406.7645,0.7390088,0.5659065,0.14056674,30.092806,0.24563922,0.0,0.06054318,0.0,29.402748,2.079377,0.0,0
79.2250150440763,9.247536100266496,1.0740504,0.03891146,993.63354,1.0,0.08504855,0.11793419,4.0,5.322929,1.8609457,1.9844775,3.1353421,1142.1771,1866.015,2.940025,0.7421671,0.1640939,31.195719,1.2669588,0.0,0.36268732,0.0,29.303747,2.1526546,859.0,0
79.73705475602442,9.517030685502352,1.2184086,0.051934328,986.16846,1.0,0.08843807,0.11742666,3.0,5.6805544,2.066901,1.8756794,0.45263425,948.5576,1653.1006,0.6057349,0.5481457,0.13922617,32.93911,2.4114459,0.0,0.16236208,0.0,29.11948,1.7927296,759.0,1
79.67417268613606,9.48109807413757,1.1474302,0.052077666,993.4396,1.0,0.08587739,0.11488914,3.0,5.7504487,2.1345868,1.608066,0.42475873,709.8072,1228.3213,0.76542526,0.5747969,0.14246297,29.912474,0.16697018,0.0,0.0611031,0.0,29.370052,1.9255795,0.0,0
79.02738568157001,9.25651925310769,0.45713216,0.1181703,987.23975,1.0,0.08459607,0.117394015,4.0,5.0568595,1.7011083,2.062792,0.0,651.6108,1110.0941,0.52674514,0.70887333,0.1136543,32.791424,2.6373665,0.0,0.14808485,0.0,29.158947,2.2497988,655.0,0
79.64722322761247,9.543980144025936,1.1386276,0.08958562,986.12213,1.0,0.09054908,0.12133371,3.0,5.625222,1.9556353,1.8449203,0.31984115,756.0528,1429.31,0.58306056,0.5284151,0.1316811,32.934116,2.3947945,0.0,0.14063329,0.0,29.081255,1.8191732,551.0,0
79.7819705202304,9.03194043207781,2.407426,0.08225794,1400.6897,1.0,0.08204384,0.101506785,2.0,5.8032284,2.522174,2.8374913,0.9891817,741.0169,1109.6378,0.35523376,0.72415423,0.20907797,33.57565,1.6686468,0.0,0.07155016,0.0,29.113575,1.705759,525.0,1
78.42551444120993,9.094822501966176,1.1457362,0.040886577,994.14246,1.0,0.073384106,0.07036719,0.0,2.384434,0.9349498,3.4887755,6.6906185,592.29346,671.67114,0.1458986,0.70487905,0.089869894,31.026375,0.33307987,0.0,0.06840087,0.0,29.522314,2.129948,294.0,0
79.31484657248825,9.328384475837252,0.5921218,0.08875568,993.59125,1.0,0.08951718,0.12522586,4.0,5.488249,1.8821713,2.640304,0.74389356,1035.2772,1210.4154,8.486095,0.6214994,0.16402392,32.130325,2.072164,0.0,0.5494929,0.0,29.073135,2.0015738,0.0,1
78.62314380371622,9.130755113330958,1.094575,0.040946096,993.9988,1.0,0.06881363,0.075593345,0.0,2.9502003,1.0605574,2.2154934,3.4213736,607.85297,627.0434,0.3387953,0.5198387,0.06470135,31.64144,1.0687068,0.0,0.092099346,0.0,29.349218,2.1633012,0.0,0
79.7819705202304,9.696693742326255,0.5190843,0.044264816,993.4105,1.0,0.091506526,0.11838701,2.0,5.5835094,2.048279,2.1241531,0.22966662,742.91736,1231.909,0.39182016,0.49556512,0.13313363,31.015863,0.37345406,0.0,0.08725024,0.0,29.400747,2.090995,0.0,0
78.20093562018005,8.753462694000758,0.66394025,0.051560696,989.1977,1.0,0.068399124,0.08080389,1.0,3.4852238,1.2739173,0.9310424,2.8835628,474.8288,589.2414,0.17850925,1.0613307,0.14650857,33.657917,1.6299683,0.0,0.18024671,0.0,28.758324,1.4366009,444.0,0
78.64111010939861,9.139738266172152,0.15441029,0.05051554,987.8167,1.0,0.06881363,0.075593345,0.0,2.9502003,1.0605574,2.1957462,2.0625484,614.4882,626.77014,0.40437135,0.5198387,0.06470135,32.843258,2.3970747,0.0,0.13310009,0.0,29.198502,2.3396199,714.0,0
78.47043020541591,9.112788807648569,1.1732723,0.03460384,994.10925,1.0,0.07325233,0.070517875,0.0,2.4007468,0.9385715,3.9885387,7.505656,705.0991,919.2548,0.15638916,0.70487905,0.089869894,31.353378,0.71001273,0.0,0.07499461,0.0,29.487062,2.184759,294.0,0
78.49737966393948,9.112788807648569,1.1206396,0.030490706,994.0891,1.0,0.07188118,0.07208572,0.0,2.5704768,0.97625375,3.8729901,7.0696297,705.0991,919.2548,0.16610286,0.70487905,0.089869894,31.353378,0.71001273,0.0,0.07499461,0.0,29.487062,2.184759,294.0,0
78.14703670313287,8.58278279001805,0.2770625,0.031987827,989.6905,1.0,0.06842195,0.097602494,1.0,4.512818,1.6193554,0.7876654,2.7305605,612.07245,1131.8574,0.27510753,1.1717339,0.17506859,33.208256,0.5255949,0.0,0.13414654,0.0,28.896532,1.0774473,120.0,0
78.21890192586244,8.780412152524343,3.941196,0.14292699,1978.2302,1.0,0.068397745,0.079790406,1.0,3.4232273,1.2530763,0.8352706,2.1000714,489.85522,560.48193,0.17161061,1.0613307,0.14650857,33.56434,1.7402053,0.0,0.17460942,0.0,28.71445,1.6086862,359.0,0
78.6770427207634,9.184654030378129,0.3660654,0.028650165,993.9638,1.0,0.06881363,0.075593345,0.0,2.9502003,1.0605574,2.9856515,1.9256705,768.34534,1107.1013,0.32957038,0.5198387,0.06470135,31.07801,0.72481674,0.0,0.068942636,0.0,29.446535,2.2364044,300.0,0
79.71908845034204,9.112788807648569,1.1838078,0.14527865,993.4018,1.0,0.08078151,0.10505176,2.0,5.9046297,2.3972535,3.11973,0.69984376,805.7917,1048.6713,0.43386513,0.6644217,0.1550808,31.998281,0.18725227,0.0,0.057733595,0.0,29.260931,1.711373,176.0,1
78.13805355029167,8.60074909570044,0.31542954,0.031348933,989.6514,1.0,0.06842195,0.097602494,1.0,4.512818,1.6193554,0.92417395,3.8586004,572.0679,953.24634,0.25583833,1.1717339,0.17506859,32.858463,0.122442216,0.0,0.10080969,0.0,29.002142,1.062686,120.0,0
78.12907039745049,8.61871540138283,0.4884477,0.030302418,989.6123,1.0,0.06842195,0.097602494,1.0,4.512818,1.6193554,0.98777205,4.1946797,542.4928,823.1823,0.23880708,1.1717339,0.17506859,33.20545,0.60762423,0.0,0.13430333,0.0,28.883596,1.1271001,120.0,0
79.26993080828228,9.31041817015486,1.7659643,0.1288198,986.9567,1.0,0.08922382,0.12458796,4.0,5.4323187,1.8558518,1.9159124,0.55320877,774.551,1438.0623,8.418881,0.65082836,0.17512639,32.814835,2.6101394,0.0,0.58718115,0.0,28.995117,1.9740694,0.0,0
78.8567057775873,9.2385529474253,0.12530959,0.034012627,987.399,1.0,0.07229388,0.085321985,1.0,3.6126502,1.2370785,2.66024,2.415766,771.1452,1668.5411,0.28726506,0.65743166,0.21723354,30.324604,0.32254383,0.0,0.039201826,0.0,29.516085,2.2782586,315.0,0
79.17111612702912,9.27448555879008,0.093573265,0.04300596,987.114,1.0,0.08494576,0.11689864,4.0,4.901675,1.6184791,2.5826075,0.6827305,977.4592,1841.1124,1.4923848,0.7283375,0.15665646,31.498535,1.5370059,0.0,0.22271475,0.0,29.238464,2.1542594,619.0,0
78.97348676452283,9.39126654572562,0.6904196,0.03792369,986.8977,1.0,0.080370925,0.10111827,4.0,3.977449,1.2903537,2.4073484,0.7484097,525.3948,1028.8386,0.38652968,0.5595071,0.2640693,32.3821,2.9456253,0.0,0.034518246,0.0,29.300348,2.5512671,0.0,0
78.98246991736403,9.373300240043228,0.15909441,0.031903364,986.94324,1.0,0.0817245,0.10519839,4.0,4.17275,1.350162,2.3467274,0.8479842,517.19324,908.7145,0.40336195,0.5595071,0.2640693,32.3821,2.9456253,0.0,0.034518246,0.0,29.300348,2.5512671,0.0,0
78.19195246733885,8.735496388318367,0.87466776,0.0320729,1402.5913,1.0,0.06840397,0.084366314,1.0,3.703142,1.3471731,0.9448019,2.996127,504.62973,762.625,0.18464617,1.0754412,0.1499404,33.403744,1.1704246,0.0,0.1463579,0.0,28.839788,1.3245823,444.0,0
79.07230144577598,9.247536100266496,3.43594,0.11340717,993.7175,1.0,0.08442122,0.1176417,4.0,5.1344514,1.7424229,3.1646044,0.2863338,748.0539,1178.1544,0.6956801,0.7575413,0.12383318,31.423302,1.4472945,0.0,0.11790364,0.0,29.287949,2.250649,655.0,1
79.26094765544109,9.2385529474253,2.2656407,0.07299981,1987.2291,1.0,0.085063055,0.11722217,4.0,5.5247726,1.9989065,1.992936,3.1983905,929.51465,1774.8376,4.3926635,0.7241359,0.15525132,32.218513,2.129802,0.0,0.52472055,0.0,29.149136,2.0534055,859.0,0
78.6680595679222,9.184654030378129,0.3660654,0.030553972,987.67377,1.0,0.06881363,0.075593345,0.0,2.9502003,1.0605574,2.9856515,1.9256705,803.9203,1138.5306,0.3168982,0.5198387,0.06470135,31.07801,0.72481674,0.0,0.068942636,0.0,29.446535,2.2364044,0.0,0
79.20704873839391,9.292451864472472,0.5495754,0.069089,987.03973,1.0,0.08617659,0.11826079,4.0,4.9182343,1.6182944,1.9084439,0.44995442,744.1122,1407.1741,1.975101,0.68482155,0.17460556,30.157562,0.40592358,0.0,0.2259916,0.0,29.416883,2.207337,0.0,0
79.69213899181845,9.543980144025936,0.6355971,0.061371427,986.1081,1.0,0.09054908,0.12133371,3.0,5.625222,1.9556353,1.9727892,0.46455532,1020.99005,1716.8295,0.5548656,0.5281923,0.13192038,32.956955,2.4120822,0.0,0.14127778,0.0,29.078663,1.8170676,0.0,0
78.37161552416275,9.06787304344259,0.91920924,0.06404141,988.2134,1.0,0.073384106,0.07036719,0.0,2.384434,0.9349498,2.280954,5.175504,521.10614,506.77405,0.13868156,0.70487905,0.089869894,32.22263,1.6103733,0.0,0.105608225,0.0,29.33702,2.2435062,702.0,0
78.15601985597407,8.708546929794782,0.6724088,0.034687918,989.35394,1.0,0.06841122,0.08970994,1.0,4.0300193,1.4570568,0.91405773,2.827443,521.4918,772.6399,0.19027027,1.1016605,0.15631714,32.90912,0.3428549,0.0,0.08204241,0.0,28.98069,1.157523,124.0,0
79.73705475602442,9.490081226978766,0.81841177,0.04780744,986.2456,1.0,0.08646083,0.1146341,3.0,5.7346506,2.1447453,1.7744577,0.4204205,801.3766,1513.0583,0.6991222,0.56606275,0.14292485,32.247593,1.8634781,0.0,0.13994014,0.0,29.193401,1.8228703,759.0,1
79.7999368259128,9.022957279236614,2.2512767,0.08000668,1986.736,1.0,0.0821995,0.09999949,2.0,5.7780094,2.5721338,2.8374913,0.9891817,724.0391,1099.5437,0.3471797,0.7969628,0.36037788,33.608635,1.6349124,0.0,0.06558874,7.0,29.125095,1.7422683,512.0,0
78.95552045884044,9.409232851408008,0.70170814,0.033235177,986.85754,1.0,0.07766377,0.09295801,0.0,3.586846,1.1707369,2.4495404,0.6865812,529.2578,1209.7737,0.3582268,0.5595071,0.2640693,30.80353,0.3233853,0.0,0.017483208,0.0,29.917833,2.8005683,0.0,0
79.13518351566435,9.31041817015486,1.9026576,0.06030529,1987.3694,1.0,0.08539495,0.11626233,4.0,4.7023425,1.5123423,2.2901573,0.55185837,557.9832,1259.8307,0.9492527,0.66702026,0.16565503,31.90787,1.8611076,0.0,0.20543112,0.0,29.202967,2.1683385,0.0,0
78.59619434519263,9.12177196048976,0.6502783,0.044812426,987.89795,1.0,0.06881363,0.075593345,0.0,2.9502003,1.0605574,1.8959804,2.1155183,665.655,821.8836,0.2630113,0.7354838,0.08949099,30.897217,0.24501343,0.0,0.06582696,0.0,29.445164,2.0570095,272.0,0
79.7909536730716,8.474984955923707,0.18436077,0.041464996,988.975,1.0,0.078387775,0.0884335,1.0,5.598417,2.7584546,3.0227404,1.7114439,642.1237,884.58746,0.35018465,0.68874764,0.14758615,33.79153,1.0956149,0.0,0.14172626,0.0,29.059235,1.4221706,0.0,0
78.92857100031686,9.534996991184745,0.14278005,0.02992564,986.51447,1.0,0.07557966,0.081799686,1.0,2.606549,0.8505767,3.3832097,0.9854208,428.29184,381.1473,0.3016154,0.5048072,0.2526664,31.436905,1.3083289,0.0,0.020792246,0.0,29.731316,2.7255757,0.0,0
79.02738568157001,9.247536100266496,3.7909749,0.11148436,1400.7812,1.0,0.08442122,0.1176417,4.0,5.1344514,1.7424229,2.1354613,0.6773523,645.15027,1091.4825,0.5302128,0.7128968,0.117996305,32.723896,2.5803819,0.0,0.1463527,0.0,29.164082,2.2470884,655.0,0
78.88365523611088,9.247536100266496,1.1285198,0.04778354,993.8308,1.0,0.07222771,0.08382086,1.0,3.4812264,1.1879356,2.7648845,3.3425603,790.0215,1538.3131,0.30607963,0.5349193,0.08405543,31.885563,1.7508582,0.0,0.09336059,0.0,29.286701,2.3211308,695.0,0
79.69213899181845,9.472114921296376,0.30915323,0.055073325,986.31055,1.0,0.08558974,0.11449233,3.0,5.758159,2.1456053,1.6281439,0.40156767,787.3194,1597.1094,0.7693118,0.5786772,0.14345813,29.912474,0.16697018,0.0,0.0611031,0.0,29.370052,1.9255795,235.0,0
79.0453519872524,9.247536100266496,2.091082,0.1018088,993.73303,1.0,0.08442122,0.1176417,4.0,5.1344514,1.7424229,3.1646044,0.2863338,670.66473,1134.0322,0.58618975,0.7343011,0.11843776,32.776226,2.6262932,0.0,0.15369344,0.0,29.12019,2.206974,655.0,0
79.34179603101184,9.247536100266496,0.1633577,0.03422488,987.1013,1.0,0.085884094,0.11832376,4.0,5.5739646,2.0188072,2.0194557,0.348556,1175.4271,936.44995,4.273677,0.67609745,0.14468727,30.107111,0.46201617,0.0,0.46035948,0.0,29.28675,2.0307422,230.0,0
78.69500902644579,9.184654030378129,0.31055322,0.028649082,993.9515,1.0,0.06881363,0.075593345,0.0,2.9502003,1.0605574,3.0690513,3.1319914,706.8922,1333.7496,0.3463719,0.5223821,0.06591166,30.491938,0.16390665,0.0,0.04772254,0.0,29.52834,2.1989467,300.0,0
79.06331829293478,9.31041817015486,1.2977668,0.097669505,987.07324,1.0,0.08539495,0.11626233,4.0,4.7023425,1.5123423,2.9221146,0.75772756,559.02,929.70654,0.60286844,0.7546281,0.119675435,31.992115,1.9459264,0.0,0.13320394,0.0,29.214638,2.2312574,0.0,1
79.76400421454801,9.579912755390716,0.45915765,0.02788467,993.41095,1.0,0.091747314,0.12007645,3.0,5.5821595,1.9979259,2.2035794,0.4061314,1032.1573,1911.8325,0.4765787,0.5106992,0.1463259,31.763912,1.2592118,0.0,0.10810767,0.0,29.265177,1.9094306,253.0,0
78.93755415315805,9.247536100266496,1.0,0.028647756,993.79736,1.0,0.07501799,0.09156019,1.0,3.8595393,1.3148208,2.142191,0.588555,604.47516,1017.0641,0.3598067,0.5350513,0.08408546,30.551275,0.6478027,0.0,0.05765407,0.0,29.448656,2.3370898,319.0,0
78.92857100031686,9.543980144025936,0.14278005,0.029049845,986.48865,1.0,0.07588702,0.08196794,1.0,2.545222,0.82869285,3.4861562,0.99672234,472.23154,541.7522,0.2995911,0.5048072,0.2526664,31.436905,1.3083289,0.0,0.020792246,0.0,29.731316,2.7255757,0.0,0
79.7729873673892,9.0499067377602,1.6298273,0.0782975,993.3789,1.0,0.0818431,0.102070525,2.0,5.819354,2.5023086,2.8374913,0.9891817,882.57385,1439.7725,0.36675152,0.68899417,0.17667331,33.51467,1.741065,0.0,0.0718479,0.0,29.101322,1.6944414,494.0,0
79.7729873673892,8.483968108764902,2.8675194,0.12302267,1401.7114,1.0,0.07855314,0.09037375,1.0,5.704914,2.7625782,3.0227404,1.7114439,468.36038,579.3621,0.34739596,0.69978243,0.14995082,33.715378,0.93526196,0.0,0.13354932,0.0,29.036587,1.3508948,536.0,0
78.32669975995678,9.022957279236614,0.24887368,0.046546306,988.3714,1.0,0.07310039,0.07090336,0.0,2.4435403,0.9530509,2.3238127,7.9869843,494.1053,522.5894,0.1364589,0.77460176,0.096256055,33.076195,2.3612707,0.0,0.136065,0.0,29.141865,2.190869,769.0,0
78.13805355029167,8.501934414447293,0.6824909,0.051095337,989.90704,1.0,0.077180676,0.11048064,2.0,5.0485225,1.9710901,0.92745286,3.2765632,632.24677,1081.4813,0.4822612,1.2110429,0.186784,33.9575,1.2559088,0.0,0.21554558,0.0,28.751905,1.0674063,377.0,0
78.13805355029167,8.537867025812073,0.8050185,0.034646425,989.81445,1.0,0.07309211,0.10446913,1.0,4.7984557,1.8069005,0.75198686,2.6238916,666.90594,1136.7411,0.35296413,1.1877215,0.17983343,33.915886,1.3126035,0.0,0.20413454,0.0,28.702662,1.0997478,269.0,0
78.55127858098666,9.112788807648569,1.708463,0.03485512,994.04944,1.0,0.06913889,0.07522141,0.0,2.9099367,1.0516183,2.2018096,1.1730498,734.86676,1100.9463,0.20060371,0.72998893,0.08955902,32.934402,2.479657,0.0,0.121673465,0.0,29.230085,2.4006379,0.0,0
78.20991877302124,8.942108903665858,0.6893387,0.09478102,988.68555,1.0,0.068612665,0.07938425,1.0,3.3784542,1.2393647,1.5004793,4.39357,479.23138,525.46704,0.13368961,0.8982571,0.11338653,32.1022,0.46480283,0.0,0.14213303,0.0,29.112816,1.5858471,155.0,0
78.17398616165646,8.780412152524343,1.0329779,0.07697025,994.3293,1.0,0.068397745,0.079790406,1.0,3.4232273,1.2530763,0.8352706,2.1000714,489.85522,560.48193,0.16535635,1.0613307,0.14650857,33.56434,1.7402053,0.0,0.17460942,0.0,28.71445,1.6086862,359.0,0
79.12620036282316,9.301435017313668,1.1229504,0.05423492,993.68945,1.0,0.08539495,0.11626233,4.0,4.7023425,1.5123423,2.4216986,0.5967083,573.5425,1130.6027,0.911775,0.68234956,0.16340539,31.368235,1.3957682,0.0,0.17121445,0.0,29.280537,2.2089486,0.0,0
79.33281287817064,9.328384475837252,2.7405472,0.1401256,1400.4163,1.0,0.08951718,0.12522586,4.0,5.488249,1.8821713,2.527068,0.7290245,776.25214,1550.6627,5.688519,0.6160722,0.17702456,30.498203,0.7894318,0.0,0.45963007,0.0,29.259157,2.0671544,243.0,1
78.45246389973352,9.112788807648569,1.0,0.040773805,988.028,1.0,0.073384106,0.07036719,0.0,2.384434,0.9349498,3.9885387,7.505656,705.0991,919.2548,0.15119064,0.70487905,0.089869894,31.353378,0.71001273,0.0,0.07499461,0.0,29.487062,2.184759,294.0,0
78.68602587360459,9.184654030378129,0.3532637,0.028693015,993.95764,1.0,0.06881363,0.075593345,0.0,2.9502003,1.0605574,3.0273514,2.528831,720.6065,1094.3497,0.33898515,0.5198387,0.06470135,30.75023,0.4111095,0.0,0.057074606,0.0,29.492287,2.215455,300.0,0
78.92857100031686,9.46313176845518,1.0,0.0,1973.4464,1.0,0.07360304,0.08071764,0.0,3.0009422,0.99131185,3.1267617,1.2188663,387.97543,549.2399,0.31625137,0.5595071,0.2640693,30.967712,0.5523736,0.0,0.018016454,0.0,29.886068,2.787681,444.0,0
79.7729873673892,8.466001803082511,3.0114496,0.22061875,989.00116,1.0,0.07855314,0.09037375,1.0,5.704914,2.7625782,3.0227404,1.7114439,468.36038,579.3621,0.37015468,0.67771286,0.14522149,33.439682,0.59326845,0.0,0.109116174,0.0,29.057318,1.3489847,146.0,0
78.13805355029167,8.483968108764902,1.8007659,0.10462854,989.95325,1.0,0.078643374,0.11263127,2.0,5.1379848,2.0298293,0.9477389,3.3451676,632.24677,1081.4813,0.5996768,1.2213486,0.18984917,33.635483,0.89358884,0.0,0.20362361,0.0,28.81275,1.0658022,377.0,0
79.14416666850555,9.292451864472472,0.048935223,0.043287314,987.07837,1.0,0.08529546,0.11640327,4.0,4.7464914,1.5358499,2.530757,0.6595273,1057.7122,1434.4062,1.0804112,0.69767886,0.16115575,32.447506,2.326447,0.0,0.23964778,0.0,29.125397,2.1277282,0.0,1
78.290767148592,9.01397412639542,0.071048565,0.034147546,988.42456,1.0,0.07260175,0.07184568,0.0,2.5474195,0.9848636,2.3238127,7.9869843,476.38428,454.53412,0.13270968,0.7904411,0.09770684,33.09619,2.3293107,0.0,0.13798523,0.0,29.117859,2.1483665,769.0,0
78.2817839957508,8.996007820713029,0.93449026,0.057506636,988.4807,1.0,0.071604475,0.07373033,0.0,2.7551782,1.0484889,2.2469313,7.7220283,484.79715,494.60696,0.133783,0.8208165,0.10088931,33.027477,2.110945,0.0,0.14088365,0.0,29.088045,2.036794,769.0,0
78.16500300881526,8.798378458206734,1.072314,0.12653697,989.1086,1.0,0.068397745,0.079790406,1.0,3.4232273,1.2530763,0.9255376,2.5795138,472.81427,617.1856,0.16034171,1.0613307,0.14650857,33.501953,1.8136966,0.0,0.17085123,0.0,28.685202,1.7234098,359.0,0
78.54229542814547,9.112788807648569,1.4126122,0.038157146,994.05597,1.0,0.06959594,0.0746988,0.0,2.85336,1.0390576,2.282103,1.2970176,668.4219,837.2436,0.19321682,0.7255901,0.089613475,31.668802,1.0629127,0.0,0.08429268,0.0,29.43619,2.2280514,0.0,0
78.33568291279798,9.03194043207781,1.0117818,0.0437133,988.3398,1.0,0.073384106,0.07036719,0.0,2.384434,0.9349498,2.3238127,7.9869843,532.7298,648.9192,0.13666566,0.7587625,0.09480528,33.056194,2.3932307,0.0,0.13414477,0.0,29.165873,2.233372,702.0,0
79.33281287817064,9.292451864472472,0.8833485,0.06690578,986.98016,1.0,0.08914599,0.12452067,4.0,5.4970064,1.8961315,1.9756697,0.38585874,565.09564,762.44055,8.369407,0.6381467,0.15503803,32.429607,2.3001997,0.0,0.5745296,0.0,29.035852,1.9779006,0.0,0
78.31771660711559,9.01397412639542,1.0203545,0.03168267,994.22284,1.0,0.07260175,0.07184568,0.0,2.5474195,0.9848636,2.3238127,7.9869843,476.38428,454.53412,0.13633925,0.7904411,0.09770684,33.09619,2.3293107,0.0,0.13798523,0.0,29.117859,2.1483665,769.0,0
78.16500300881526,8.726513235477173,0.72326225,0.040204957,989.299,1.0,0.06840639,0.086147524,1.0,3.8121011,1.383801,0.9448019,2.996127,496.97354,693.5499,0.18400025,1.084181,0.15206598,33.23887,0.8945681,0.0,0.1249194,0.0,28.886755,1.2688959,444.0,0
78.41653128836873,9.094822501966176,1.3025272,0.053908043,994.14935,1.0,0.073384106,0.07036719,0.0,2.384434,0.9349498,3.4887755,6.6906185,592.29346,671.67114,0.14402328,0.70487905,0.089869894,31.026375,0.33307987,0.0,0.06840087,0.0,29.522314,2.129948,294.0,0
79.25196450259989,9.301435017313668,1.0746294,0.06694841,993.6218,1.0,0.08839937,0.122795254,4.0,5.2751374,1.781886,1.8988503,0.46278647,687.41205,1263.4364,4.5183973,0.6728104,0.17735057,32.817772,2.611547,0.0,0.57509017,0.0,29.13042,2.0795825,0.0,1
79.73705475602442,9.526013838343546,1.0980601,0.038921308,986.14264,1.0,0.08909715,0.11835752,3.0,5.6625223,2.040953,1.8756794,0.45263425,1226.2638,2064.954,0.5813273,0.5407755,0.13756318,32.941685,2.4093752,0.0,0.16047038,0.0,29.108135,1.7863111,542.0,1
79.72807160318324,9.48109807413757,0.45327395,0.042180907,986.27466,1.0,0.08586046,0.114623725,3.0,5.7509484,2.1426675,1.7654101,0.3977275,927.5791,937.3812,0.72981054,0.57057065,0.14324589,31.473219,1.2637979,0.0,0.11181997,0.0,29.25231,1.8483802,759.0,1
78.61416065087502,9.130755113330958,1.1314334,0.045552157,994.0051,1.0,0.06881363,0.075593345,0.0,2.9502003,1.0605574,1.9670029,3.6604805,624.3223,630.4477,0.3053376,0.5198387,0.06470135,31.277903,0.6668896,0.0,0.079697065,0.0,29.39481,2.1099668,0.0,0
79.7729873673892,9.63381167243789,0.98218405,0.018559068,993.4102,1.0,0.09162692,0.11923173,2.0,5.5828342,2.0231025,2.149759,0.31647816,919.16907,1527.3467,0.42463318,0.5112677,0.25886926,32.479237,1.9374411,0.0,0.13644439,0.0,29.193703,1.864335,560.0,0
78.94653730599924,9.4271991570904,0.61766607,0.039647758,986.81195,1.0,0.076310195,0.08887789,0.0,3.3915448,1.1109285,3.0226576,0.9274088,492.46603,1026.9127,0.34393468,0.5595071,0.2640693,30.775345,0.24932645,0.0,0.017323013,0.0,29.945292,2.8136184,444.0,0
79.76400421454801,9.63381167243789,0.9804692,0.017601166,993.41345,1.0,0.091747314,0.12007645,3.0,5.5821595,1.9979259,2.149759,0.31647816,797.963,1447.4242,0.4261881,0.5112677,0.25886926,32.36657,1.8262025,0.0,0.13201556,0.0,29.199203,1.8707168,560.0,0
78.94653730599924,9.606862213914305,0.3767151,0.034790926,986.296,1.0,0.077710815,0.0876636,1.0,2.721529,0.8543666,3.647553,0.9886325,522.9323,748.3206,0.29271373,0.5048072,0.2526664,30.523832,0.44354075,0.0,0.017453406,0.0,29.843359,2.7326083,0.0,0
78.91958784747567,9.454148615613985,1.0,0.04079393,986.7516,1.0,0.072249465,0.07663751,0.0,2.805641,0.93150353,3.292514,1.2300453,408.2561,455.26068,0.3091813,0.5595071,0.2640693,30.779367,0.24891593,0.0,0.016902188,0.0,29.948189,2.8126116,0.0,0
79.68315583897726,9.08583934912498,3.9819033,0.07852463,1974.7855,1.0,0.08078151,0.10505176,2.0,5.9046297,2.3972535,2.95755,1.2796571,913.38116,465.7106,0.4452028,0.70814866,0.15320916,32.15416,0.48051298,0.0,0.071936876,0.0,29.223648,1.6938351,176.0,1
79.7819705202304,9.597879061073108,0.8209924,0.037411198,985.9191,1.0,0.091506526,0.11838701,2.0,5.5835094,2.048279,2.1778936,0.36707366,841.0333,1348.5698,0.45384917,0.5124899,0.21658751,30.841633,0.35638005,0.0,0.07503388,0.0,29.396378,2.0178268,0.0,0
79.31484657248825,9.2385529474253,0.27104425,0.042353503,987.13965,1.0,0.085231714,0.11708438,4.0,5.589356,2.043342,1.5506068,1.1245437,1435.8387,1041.5596,6.1198726,0.6731804,0.14028758,31.696276,1.6989453,0.0,0.5533433,0.0,29.105509,1.9670395,547.0,0
78.91958784747567,9.46313176845518,1.0,0.029042985,986.72595,1.0,0.072249465,0.07663751,0.0,2.805641,0.93150353,3.1267617,1.2188663,396.45724,388.77405,0.30698866,0.5595071,0.2640693,30.967712,0.5523736,0.0,0.018016454,0.0,29.886068,2.787681,0.0,0
79.72807160318324,9.534996991184745,0.81562907,0.04906713,993.4213,1.0,0.089853615,0.120161355,3.0,5.64342,1.9887655,1.91553,0.46758202,1154.3192,2015.7074,0.56161326,0.5338717,0.13546072,32.944256,2.4073048,0.0,0.1585787,0.0,29.096788,1.7798928,542.0,1
79.10823405714076,9.247536100266496,3.578993,0.11296352,993.69714,1.0,0.08442122,0.1176417,4.0,5.1344514,1.7424229,2.5611415,0.6552347,677.1071,991.4713,0.9263117,0.76611876,0.14203276,30.28113,0.4492571,0.0,0.103104964,0.0,29.432716,2.2810767,312.0,0
79.72807160318324,9.06787304344259,0.6875003,0.051850885,993.3965,1.0,0.080839396,0.104889214,2.0,5.89998,2.4029815,2.8080277,0.86539614,752.15283,890.03296,0.397504,0.6788279,0.14955808,32.783134,0.961425,0.0,0.068554394,0.0,29.17251,1.6772119,494.0,0
79.26993080828228,9.247536100266496,0.9519855,0.053829994,993.6102,1.0,0.08577999,0.11827522,4.0,5.5426855,1.9991378,1.9995015,3.2473285,972.95074,1706.4911,4.8412414,0.715089,0.15239084,32.73047,2.5280824,0.0,0.5859894,0.0,29.085644,2.026899,859.0,0
79.02738568157001,9.337367628678448,1.2578609,0.090557925,987.0182,1.0,0.08539495,0.11626233,4.0,4.7023425,1.5123423,2.3304696,0.5384397,559.4817,967.45935,0.492408,0.5595071,0.2640693,32.413895,2.9224803,0.0,0.034900546,0.0,29.262321,2.4901574,0.0,1
78.98246991736403,9.660761130961475,0.8294925,0.034226213,986.11786,1.0,0.07977921,0.09819042,2.0,3.3892386,1.0181527,3.5209088,0.9201315,399.2356,199.95308,0.3001883,0.5048072,0.2526664,31.941887,2.2200325,21.0,0.045630433,0.0,29.574104,2.6755598,976.0,0
78.82077316622251,9.229569794584105,0.4165644,0.03378218,987.447,1.0,0.07227604,0.0860237,1.0,3.6748617,1.2655554,2.733149,2.348946,603.15295,1092.6942,0.27252614,0.65743166,0.21723354,31.342115,1.2057235,0.0,0.06594679,0.0,29.378696,2.332037,736.0,0
79.0363688344112,9.247536100266496,3.6283689,0.13178235,993.7383,1.0,0.08442122,0.1176417,4.0,5.1344514,1.7424229,2.4447565,2.9867637,760.688,1334.3379,0.5568085,0.7235369,0.118215755,32.74982,2.6031268,0.0,0.14998937,0.0,29.142338,2.2272155,655.0,0
78.98246991736403,9.66974428380267,0.77364784,0.029236255,986.0916,1.0,0.07977921,0.09819042,2.0,3.3892386,1.0181527,3.9322581,1.016032,464.1789,421.22833,0.2972606,0.5048072,0.2526664,31.546743,1.7251847,21.0,0.039923415,0.0,29.674372,2.697379,976.0,0
78.13805355029167,8.528883872970878,1.1512175,0.045672704,989.83765,1.0,0.074114256,0.10597201,2.0,4.8609724,1.847948,0.78625387,2.7990487,650.0639,1067.2946,0.3770257,1.1935518,0.18157107,33.92629,1.2984298,0.0,0.20698729,0.0,28.714972,1.0916624,269.0,0
79.7909536730716,9.642794825279084,1.0,0.008402927,1986.8099,1.0,0.09138614,0.117542304,2.0,5.5841846,2.0734556,2.1464748,0.30826968,830.1621,1180.8481,0.41669023,0.51048696,0.2533181,32.87186,2.3231068,0.0,0.15166818,0.0,29.16704,1.838221,596.0,1
78.12907039745049,8.627698554224025,0.4884477,0.029013015,989.58887,1.0,0.06842195,0.097602494,1.0,4.512818,1.6193554,1.0050759,4.2052717,513.2883,604.6911,0.23152219,1.1221371,0.16129725,33.37894,0.8502152,0.0,0.15105015,0.0,28.824326,1.1593071,287.0,0
78.91958784747567,9.247536100266496,1.0,0.030027095,993.8084,1.0,0.07257929,0.08479602,1.0,3.5288944,1.2039233,2.1446726,0.55580854,677.79553,1371.3851,0.3393179,0.5349193,0.08405543,31.628063,1.5719018,0.0,0.090203814,0.0,29.30246,2.3362975,695.0,0
78.52432912246307,9.112788807648569,1.4145513,0.038140856,994.06915,1.0,0.07051004,0.073653564,0.0,2.7402067,1.013936,2.6707466,2.532935,685.3279,850.2079,0.17922543,0.71679246,0.089722395,31.668802,1.0629127,0.0,0.08429268,0.0,29.43619,2.2280514,294.0,0
78.13805355029167,8.672614318430002,0.23262411,0.038184512,989.4637,1.0,0.06842091,0.09683478,1.0,4.4658556,1.6035684,0.7718503,2.1533241,514.4413,691.85394,0.20531683,1.1221371,0.16129725,33.331406,0.83189654,0.0,0.13338473,0.0,28.834663,1.1783303,287.0,0
79.2429813497587,9.301435017313668,1.1359433,0.05692309,993.6265,1.0,0.08798715,0.1218989,4.0,5.1965466,1.7449031,1.8963906,0.44975063,708.01465,1401.4137,3.539239,0.6741693,0.17796339,32.382267,2.2517927,0.0,0.51570386,0.0,29.186764,2.1090274,0.0,1
79.11721720998196,9.2385529474253,3.641448,0.029198417,1987.3838,1.0,0.08424637,0.11788939,4.0,5.2120433,1.7837375,2.5285082,0.69112074,625.2351,831.04584,1.0321869,0.76826316,0.14658265,30.709904,0.7924337,0.0,0.1326937,0.0,29.359129,2.2204735,312.0,0
79.34179603101184,9.292451864472472,2.2933264,0.07978452,1973.9558,1.0,0.08914599,0.12452067,4.0,5.4970064,1.8961315,1.9756697,0.38585874,523.4681,771.2469,6.2267666,0.6381467,0.15503803,32.429607,2.3001997,0.0,0.5745296,0.0,29.035852,1.9779006,0.0,0
79.76400421454801,9.678727436643864,1.0431404,0.0684157,985.68756,1.0,0.091747314,0.12007645,3.0,5.5821595,1.9979259,2.147979,0.21560176,769.4314,1250.2479,0.40281639,0.49428016,0.13808808,31.872372,1.2660905,0.0,0.11662507,0.0,29.277195,1.9676348,266.0,1
78.659076415081,9.175670877536934,0.05250648,0.032931365,987.70483,1.0,0.06881363,0.075593345,0.0,2.9502003,1.0605574,2.9856515,1.9256705,762.00195,1025.1597,0.33056194,0.5198387,0.06470135,32.700443,2.2775927,0.0,0.12768656,0.0,29.22008,2.3400989,0.0,0
79.10823405714076,9.301435017313668,1.1286387,0.05551967,993.69946,1.0,0.08539495,0.11626233,4.0,4.7023425,1.5123423,2.4441812,0.5787393,523.1383,823.62573,0.8033633,0.68678963,0.16069104,30.288963,0.4650892,0.0,0.102781124,0.0,29.435675,2.290169,0.0,1
78.19195246733885,8.744479541159563,0.3541638,0.039977927,989.22894,1.0,0.068401545,0.082585104,1.0,3.594183,1.3105452,0.9448019,2.996127,492.52203,694.4245,0.18046328,1.0667015,0.14781483,33.56862,1.4462812,0.0,0.16779639,0.0,28.792822,1.3802687,444.0,0
79.71908845034204,9.472114921296376,0.4412098,0.050342187,993.42175,1.0,0.08558974,0.11449233,3.0,5.758159,2.1456053,1.7685194,0.3617146,796.2837,992.82263,0.76019937,0.57539505,0.14373145,30.724998,0.7068054,0.0,0.08584506,0.0,29.30903,1.8782016,235.0,1
79.25196450259989,9.247536100266496,2.1603725,0.09128988,993.6195,1.0,0.08548741,0.118138805,4.0,5.454783,1.9438609,1.9863706,3.1494527,1032.0184,1881.6149,3.8225157,0.7331828,0.15811183,32.66586,2.4908965,0.0,0.5598676,0.0,29.144838,2.0818212,859.0,0
79.09925090429957,9.25651925310769,0.08844814,0.114619635,987.1988,1.0,0.08459607,0.117394015,4.0,5.0568595,1.7011083,2.6801,0.5072111,843.1941,1406.0123,0.84170145,0.7575331,0.13932179,29.83921,0.077506244,0.0,0.072679564,0.0,29.50081,2.3254297,312.0,0
79.34179603101184,9.25651925310769,0.40060672,0.03727128,987.07623,1.0,0.086536475,0.11956314,4.0,5.558573,1.994272,1.9755989,0.36507833,540.8951,722.41595,4.466558,0.6669855,0.14132378,30.192709,0.5300467,0.0,0.46887565,0.0,29.280033,2.0320666,230.0,0
79.2429813497587,9.247536100266496,1.8122933,0.08129353,993.62415,1.0,0.085341126,0.1180706,4.0,5.410832,1.9162226,1.9844775,3.1353421,976.6963,1727.4908,3.442077,0.7365213,0.15977724,32.247894,2.1442072,0.0,0.5024631,0.0,29.194042,2.1059527,859.0,0
79.28789711396466,9.2385529474253,0.34379825,0.059550572,987.1487,1.0,0.085231714,0.11708438,4.0,5.589356,2.043342,1.9703933,3.137616,904.6255,1683.0074,6.2709417,0.6969952,0.14666985,32.6212,2.4282842,0.0,0.5937144,0.0,29.041298,1.9742141,547.0,0
78.18296931449765,8.852277375253905,0.90666664,0.033606138,988.94965,1.0,0.068397745,0.079790406,1.0,3.4232273,1.2530763,1.1196687,4.14285,448.2009,473.16705,0.14682758,0.9882661,0.1306089,32.355114,0.26669037,0.0,0.14257056,0.0,29.077267,1.3538177,137.0,0
78.92857100031686,9.579912755390716,0.14278005,0.029339438,986.38495,1.0,0.076676615,0.08240019,1.0,2.387674,0.7724735,4.202705,1.0753855,841.71533,518.2714,0.2882081,0.5048072,0.2526664,31.099022,1.18264,0.0,0.026720263,0.0,29.70526,2.6882381,0.0,0
78.14703670313287,8.681597471271196,0.5221604,0.03229701,989.43243,1.0,0.06841849,0.09505357,1.0,4.3568964,1.5669405,0.751959,1.9380561,519.79785,702.8598,0.20236915,1.1221371,0.16129725,33.14143,0.5853855,0.0,0.10985236,0.0,28.89722,1.1541255,124.0,0
79.71010529750085,9.076856196283789,3.0027404,0.13495322,987.4122,1.0,0.08078151,0.10505176,2.0,5.9046297,2.3972535,2.897171,0.84587926,1300.7716,848.1562,0.41586402,0.69246835,0.15149494,32.17601,0.43426728,0.0,0.063447766,0.0,29.230942,1.7086523,176.0,0
78.0931377860857,8.439052344558926,0.43487087,0.052385993,990.1068,1.0,0.078643374,0.11263127,2.0,5.1379848,2.0298293,0.9477389,3.3451676,632.24677,1081.4813,2.320745,1.2467043,0.1973884,33.179176,0.36675894,0.0,0.19085303,0.0,28.876474,1.0555729,116.0,0
78.20991877302124,8.780412152524343,1.4331043,0.16933791,989.11884,1.0,0.068397745,0.079790406,1.0,3.4232273,1.2530763,0.8352706,2.1000714,489.85522,560.48193,0.17023313,1.0613307,0.14650857,33.56434,1.7402053,0.0,0.17460942,0.0,28.71445,1.6086862,359.0,0
78.16500300881526,8.78939530536554,0.9099362,0.07649494,989.13245,1.0,0.068397745,0.079790406,1.0,3.4232273,1.2530763,0.84976494,2.1406333,460.98816,462.07864,0.16294259,1.0613307,0.14650857,33.533146,1.776951,0.0,0.17273033,0.0,28.699825,1.6660479,359.0,0
78.16500300881526,8.771428999683149,0.08610104,0.017907431,989.1726,1.0,0.068397745,0.079790406,1.0,3.4232273,1.2530763,0.86719453,2.3612351,486.32416,527.039,0.16713102,1.0613307,0.14650857,33.59553,1.7034596,0.0,0.17648852,0.0,28.729074,1.5513245,444.0,0
79.7729873673892,9.68771058948506,0.324114,0.05771681,985.65814,1.0,0.09162692,0.11923173,2.0,5.5828342,2.0231025,2.1411936,0.20964012,737.16254,1039.9293,0.39698505,0.49339756,0.13149014,31.584608,0.9673184,0.0,0.10686077,0.0,29.322567,2.0110238,266.0,1
79.16213297418793,9.265502405948885,1.0,0.028647756,993.6682,1.0,0.08477092,0.11714633,4.0,4.979267,1.6597937,2.5826075,0.6827305,842.25323,1651.5548,1.4428651,0.7436669,0.15440682,32.051315,2.0013978,0.0,0.23937072,0.0,29.168934,2.131754,619.0,0
79.01840252872881,9.72364320084984,0.625005,0.034859806,985.91284,1.0,0.08118141,0.10532673,2.0,3.8418903,1.129186,4.001006,0.18112645,552.2243,715.4279,0.30023256,0.53781193,0.17982557,30.972242,0.98750937,0.0,0.0392255,0.0,29.834148,2.7282214,458.0,0
78.99145307020522,9.265502405948885,0.5826714,0.04316079,993.7657,1.0,0.08260128,0.11092823,4.0,4.6778617,1.5622041,2.062792,0.0,688.6141,1218.8934,0.44165114,0.6538946,0.106095955,32.286194,2.189822,0.0,0.12121033,0.0,29.276932,2.3200767,988.0,1
78.35364921848037,9.0499067377602,1.0012252,0.04332143,988.2766,1.0,0.073384106,0.07036719,0.0,2.384434,0.9349498,2.305937,6.8143687,514.2931,501.80118,0.1360506,0.7270838,0.09190371,33.0162,2.457151,0.0,0.13030432,0.0,29.213884,2.3183775,702.0,0
78.92857100031686,9.247536100266496,1.0,0.028647756,993.80286,1.0,0.073798634,0.088178106,1.0,3.694217,1.259372,2.1446726,0.55580854,592.45087,1093.9199,0.34885347,0.5349193,0.08405543,31.084799,1.1056733,0.0,0.07378175,0.0,29.376219,2.336697,319.0,0
78.97348676452283,9.265502405948885,1.0285853,0.036194257,993.7764,1.0,0.08006617,0.103662685,4.0,4.325684,1.4481752,2.062792,0.0,699.86597,1337.6564,0.40820497,0.614276,0.098756485,31.220734,1.2518054,0.0,0.08394288,0.0,29.396704,2.3317554,319.0,1
78.21890192586244,8.951092056507052,0.8297929,0.062026702,988.6538,1.0,0.069111295,0.07844193,1.0,3.2745748,1.2075522,1.6105837,5.0672874,495.2235,590.7703,0.13316709,0.8853503,0.11130366,31.904413,0.21348016,0.0,0.13988589,0.0,29.17278,1.5253758,155.0,0
78.13805355029167,8.492951261606096,1.109128,0.076939836,989.9302,1.0,0.07820282,0.111983515,2.0,5.111039,2.0121377,0.9477389,3.3451676,632.24677,1081.4813,0.53434145,1.2162775,0.18834133,33.817173,1.0948977,0.0,0.21064807,0.0,28.780142,1.0657254,377.0,0
79.26094765544109,9.247536100266496,1.5417025,0.07377578,993.6148,1.0,0.085633695,0.118207015,4.0,5.4987345,1.9714993,1.992936,3.1983905,907.7187,1612.1217,4.2960815,0.7241359,0.15525132,32.697876,2.5093231,0.0,0.5728116,0.0,29.115505,2.0546057,859.0,0
79.72807160318324,9.543980144025936,1.5247792,0.035094716,1986.8431,1.0,0.090519145,0.12108429,3.0,5.625499,1.9631151,1.9399084,0.45408735,984.75903,1686.7955,0.5427325,0.5264665,0.13377385,32.946827,2.405234,0.0,0.15668699,0.0,29.085443,1.7734745,542.0,1
78.91958784747567,9.517030685502352,0.13924481,0.020384941,986.57166,1.0,0.07398201,0.07802485,0.0,2.5464737,0.8428937,3.3832097,0.9854208,875.6832,567.3382,0.29523557,0.5048072,0.2526664,31.726942,1.8205163,20.0,0.02583561,0.0,29.623299,2.7032492,926.0,0
79.7819705202304,9.588895908231914,1.4481266,0.038846042,1399.6138,1.0,0.091506526,0.11838701,2.0,5.5835094,2.048279,2.1907365,0.38660252,964.06287,1667.459,0.4628063,0.5114428,0.17550106,31.451038,0.95622325,0.0,0.09583025,0.0,29.313805,1.9464277,0.0,0
79.12620036282316,9.25651925310769,0.98950493,0.09908174,987.1888,1.0,0.08459607,0.117394015,4.0,5.0568595,1.7011083,2.5721385,0.6627362,729.5079,1096.0304,1.0597825,0.7589962,0.15215719,31.368235,1.3957682,0.0,0.17121445,0.0,29.280537,2.2089486,619.0,0
78.08415463324451,8.430069191717731,1.019302,0.047049366,990.1375,1.0,0.078643374,0.11263127,2.0,5.1379848,2.0298293,0.9477389,3.3451676,632.24677,1081.4813,3.0434394,1.2475806,0.19764896,33.368492,0.5590831,0.0,0.20216945,0.0,28.827589,1.046941,116.0,0
79.2339981969175,9.247536100266496,1.1936232,0.05462912,993.62885,1.0,0.08519483,0.1180024,4.0,5.3668804,1.8885841,1.9844775,3.1353421,1008.2121,1387.5704,3.1535413,0.7388285,0.16154128,31.721806,1.705583,0.0,0.43257523,0.0,29.248894,2.1293037,859.0,0
78.43449759405112,9.08583934912498,1.059352,0.023126313,1988.2708,1.0,0.073384106,0.07036719,0.0,2.384434,0.9349498,2.9890125,5.8755813,566.1078,616.3499,0.14846872,0.70487905,0.089869894,31.425127,0.7588443,0.0,0.08080332,0.0,29.46055,2.1678007,294.0,0
79.33281287817064,9.301435017313668,0.7346012,0.07429693,986.95496,1.0,0.08951718,0.12522586,4.0,5.488249,1.8821713,2.527068,0.7290245,839.02515,1081.7811,8.618371,0.630937,0.1584666,32.729927,2.5434067,0.0,0.5825061,0.0,29.004795,1.9774811,0.0,0
79.74603790886562,9.12177196048976,2.3901765,0.12656835,993.39215,1.0,0.08124088,0.10376174,2.0,5.8677297,2.4427123,2.7325127,0.8851255,703.8676,1101.4993,0.42031893,0.64139795,0.15628278,32.160652,0.13201216,0.0,0.050167564,0.0,29.27258,1.6892401,177.0,1
78.6500932622398,9.157704571854543,1.0750291,0.062535286,987.76086,1.0,0.06881363,0.075593345,0.0,2.9502003,1.0605574,2.340834,3.5149443,1539.3708,796.4114,0.37320063,0.5198387,0.06470135,32.9584,2.5244744,0.0,0.13702647,0.0,29.184072,2.3565857,714.0,0
78.93755415315805,9.436182309931594,1.0,0.04079285,986.7918,1.0,0.07495662,0.08479776,0.0,3.1962435,1.0511203,3.323338,1.0899061,562.379,1359.92,0.3313085,0.5595071,0.2640693,30.866776,0.40293378,0.0,0.018270075,0.0,29.911278,2.8019493,444.0,0
78.30873345427439,9.01397412639542,1.0,0.02867811,994.23,1.0,0.07260175,0.07184568,0.0,2.5474195,0.9848636,2.3238127,7.9869843,476.38428,454.53412,0.13534614,0.7904411,0.09770684,33.09619,2.3293107,0.0,0.13798523,0.0,29.117859,2.1483665,769.0,0
79.08128459861717,9.301435017313668,0.18278597,0.039157122,993.7147,1.0,0.08539495,0.11626233,4.0,4.7023425,1.5123423,2.8886116,0.49445596,641.7805,800.8163,0.67688787,0.690389,0.15849066,30.915663,1.0117164,0.0,0.10294175,0.0,29.357723,2.2783434,0.0,1
79.66518953329486,9.490081226978766,0.08714629,0.0708464,986.26965,1.0,0.086544774,0.11580979,3.0,5.732559,2.1090221,1.6155385,0.42383698,843.93866,1485.7388,0.7441467,0.5703517,0.14151485,29.912474,0.16697018,0.0,0.0611031,0.0,29.370052,1.9255795,0.0,0
79.7999368259128,9.660761130961475,0.98776317,0.05741024,985.7303,1.0,0.091265745,0.11669759,2.0,5.5848594,2.098632,2.1460128,0.26689708,1122.487,1917.6426,0.40390992,0.51078737,0.25545365,32.934086,2.3864517,0.0,0.15432487,0.0,29.171473,1.8385848,596.0,0
79.01840252872881,9.732626353691035,0.14215252,0.02620463,985.8865,1.0,0.08118141,0.10532673,2.0,3.8418903,1.129186,4.001006,0.18112645,791.63776,838.347,0.29891428,0.528058,0.17661819,30.972242,0.98750937,0.0,0.0392255,0.0,29.834148,2.7282214,0.0,0
79.0363688344112,9.328384475837252,1.399496,0.09551118,987.03827,1.0,0.08539495,0.11626233,4.0,4.7023425,1.5123423,2.324098,0.45996654,722.3596,1509.3788,0.5165299,0.5595071,0.2640693,32.424324,2.9148884,0.0,0.03502595,0.0,29.249847,2.4701118,0.0,1
79.30586341964705,9.229569794584105,1.597995,0.08695672,993.591,1.0,0.08457933,0.115844995,4.0,5.6047473,2.0678773,1.6905357,1.7955678,608.9673,1021.6352,8.312963,0.6789014,0.14094888,32.249943,2.1301003,0.0,0.58780044,0.0,29.043636,1.9465414,547.0,0
78.24585138438601,8.969058362189443,0.78567994,0.034753453,994.2788,1.0,0.07010857,0.076557286,1.0,3.0668163,1.1439269,1.8415738,6.325047,488.97934,545.08484,0.13308777,0.85953677,0.10713792,32.353638,0.97246605,0.0,0.14028499,0.0,29.138885,1.7299432,155.0,0
78.18296931449765,8.780412152524343,1.2885598,0.121788405,989.1337,1.0,0.068397745,0.079790406,1.0,3.4232273,1.2530763,0.8352706,2.1000714,489.85522,560.48193,0.1664851,1.0613307,0.14650857,33.56434,1.7402053,0.0,0.17460942,0.0,28.71445,1.6086862,359.0,0
78.07517148040331,8.403119733194146,1.2795453,0.107694454,990.2139,1.0,0.078643374,0.11263127,2.0,5.1379848,2.0298293,0.9477389,3.3451676,632.24677,1081.4813,5.202426,1.2475806,0.19764896,33.936447,1.1360556,0.0,0.23611872,0.0,28.680937,1.0210457,248.0,0
78.14703670313287,8.699563776953587,0.12031808,0.030328015,989.38525,1.0,0.068413645,0.09149115,1.0,4.1389785,1.4936846,0.8600248,2.5309806,511.87213,694.67944,0.19307673,1.1104002,0.15844274,32.761475,0.092363425,0.0,0.06278761,0.0,29.022337,1.1057159,124.0,0
78.60517749803383,9.130755113330958,1.0480554,0.047167383,994.0115,1.0,0.06881363,0.075593345,0.0,2.9502003,1.0605574,1.8835876,2.6552525,660.87213,713.50653,0.27974418,0.7354838,0.08949099,30.944967,0.2988956,0.0,0.068338744,0.0,29.436562,2.0611217,0.0,0
78.98246991736403,9.265502405948885,1.0662367,0.047003426,993.77106,1.0,0.08133373,0.10729545,4.0,4.501773,1.5051897,2.062792,0.0,600.771,1005.37427,0.42523882,0.6340853,0.102426216,31.753464,1.7208138,0.0,0.102576606,0.0,29.336817,2.325916,988.0,1
78.69500902644579,9.175670877536934,1.0,0.019751104,1987.9025,1.0,0.06881363,0.075593345,0.0,2.9502003,1.0605574,3.0690513,3.1319914,549.22327,1001.5504,0.38806412,0.5223821,0.06591166,30.616941,0.2835429,0.0,0.052248567,0.0,29.510891,2.2069361,300.0,0
79.18009927987032,9.283468711631276,1.2285557,0.04972812,987.08405,1.0,0.08512061,0.116650954,4.0,4.8240833,1.5771645,2.5826075,0.6827305,1005.58435,1156.0618,1.5470178,0.7130082,0.1589061,30.945753,1.072614,0.0,0.20605877,0.0,29.307993,2.1767647,0.0,1
78.25483453722721,8.978041515030638,1.0,0.04076608,988.55133,1.0,0.07060721,0.07561497,1.0,2.9629369,1.1121142,1.9766929,6.7907076,479.1121,493.19626,0.13275102,0.84663004,0.10505505,32.57825,1.351959,0.0,0.14048454,0.0,29.121939,1.8322268,769.0,0
79.32382972532945,9.283468711631276,0.40662503,0.028084677,987.00977,1.0,0.08849361,0.123281285,4.0,5.5123982,1.9206667,1.9755989,0.36507833,747.6773,1186.7957,10.389588,0.64535636,0.15160947,32.077225,2.016688,0.0,0.5629568,0.0,29.073112,1.9814051,562.0,0
78.93755415315805,9.561946449708328,1.0,0.024903422,1972.8682,1.0,0.07706643,0.08501857,1.0,2.5911105,0.82694495,3.6364577,0.98380744,420.98776,351.70465,0.30151647,0.5048072,0.2526664,31.146866,0.7961415,0.0,0.015748883,0.0,29.839333,2.7479022,0.0,0
78.20991877302124,8.762445846841953,0.990447,0.06968219,989.16644,1.0,0.068397745,0.079790406,1.0,3.4232273,1.2530763,0.8991185,2.622399,473.90845,529.0305,0.17726097,1.0613307,0.14650857,33.626724,1.666714,0.0,0.17836761,0.0,28.743698,1.4939628,444.0,0
78.2817839957508,9.004990973554225,0.057079885,0.033050627,988.45624,1.0,0.07210311,0.072788,0.0,2.651299,1.0166762,2.3238127,7.9869843,476.5476,459.9581,0.13277479,0.80628043,0.099157624,33.116188,2.2973506,0.0,0.13990547,0.0,29.093853,2.1058636,769.0,0
79.27891396112346,9.247536100266496,0.41299632,0.038823545,987.1282,1.0,0.085884094,0.11832376,4.0,5.5739646,2.0188072,2.0060668,3.2962666,1240.2092,1929.4069,5.4017053,0.7060421,0.14953035,32.763657,2.5471838,0.0,0.5994074,0.0,29.055237,1.9986873,547.0,0
79.0363688344112,9.741609506532232,1.0,0.029525626,985.8497,1.0,0.08118141,0.10532673,2.0,3.8418903,1.129186,4.001006,0.18112645,511.91306,703.6671,0.30228162,0.518304,0.1734108,32.265114,2.5754611,16.0,0.07088827,0.0,29.530016,2.655325,1018.0,0
78.74890794349295,9.20262033606052,0.94994926,0.061712425,993.9159,1.0,0.06929126,0.07751025,0.0,3.093639,1.1050218,3.1313362,4.1182094,696.54156,1465.5585,0.28955173,0.65743166,0.21723354,30.387417,0.17206758,0.0,0.04154592,0.0,29.544716,2.2306523,305.0,0
79.34179603101184,9.2385529474253,0.70234686,0.06291111,987.12634,1.0,0.085231714,0.11708438,4.0,5.589356,2.043342,2.096534,0.31951803,1367.7578,1268.785,4.2473536,0.6905542,0.16649196,30.027214,0.3981552,0.0,0.4391238,0.0,29.285648,2.0203197,230.0,0
79.2160318912351,9.265502405948885,0.105281614,0.025086595,987.1104,1.0,0.085566014,0.118348606,4.0,5.164701,1.7617134,1.9844775,3.1353421,1187.595,1593.6149,2.4428878,0.7167784,0.16453207,30.71374,0.8673909,0.0,0.29841968,0.0,29.359354,2.1827595,291.0,1
79.26094765544109,9.301435017313668,0.6284553,0.07587966,986.9865,1.0,0.08881159,0.1236916,4.0,5.353728,1.8188689,1.9073814,0.50799763,764.8047,1378.5431,6.167355,0.6665966,0.17454828,32.814835,2.6101394,0.0,0.58718115,0.0,28.995117,1.9740694,0.0,1
78.81179001338133,9.220586641742909,0.28306925,0.037294485,987.47784,1.0,0.07204625,0.08614481,1.0,3.699116,1.281805,3.0266097,2.3995237,717.14044,1363.399,0.27362213,0.65743166,0.21723354,31.922009,1.7246614,0.0,0.081989326,0.0,29.305391,2.3688471,0.0,0
78.18296931449765,8.897193139459882,2.0155237,0.24840479,988.8291,1.0,0.068397745,0.079790406,1.0,3.4232273,1.2530763,1.490432,5.302925,472.34167,551.67633,0.13780113,0.9586562,0.12487286,33.247585,1.9471031,0.0,0.15356666,0.0,28.79922,1.9383631,413.0,0
79.70112214465965,9.06787304344259,0.7689507,0.030703612,993.4068,1.0,0.08078151,0.10505176,2.0,5.9046297,2.3972535,2.7461834,0.8454009,786.4862,1059.7395,0.41605008,0.7073123,0.1511073,31.920717,0.2529701,0.0,0.063138075,0.0,29.249899,1.7246966,0.0,0
79.33281287817064,9.319401322996058,0.56775934,0.10228273,986.9045,1.0,0.08951718,0.12522586,4.0,5.488249,1.8821713,2.527068,0.7290245,1179.0302,2002.792,6.8502245,0.619662,0.16842544,31.628658,1.6778895,0.0,0.5218717,0.0,29.130314,2.0217314,0.0,1
79.75502106170681,9.624828519596694,0.5878998,0.05605793,985.8476,1.0,0.0918677,0.120921165,3.0,5.5814843,1.9727494,2.1530433,0.32468665,783.0537,1564.0724,0.43377906,0.51406664,0.27845332,31.865467,1.3405911,0.0,0.11328662,0.0,29.258293,1.9169952,253.0,0
79.7999368259128,8.466001803082511,1.0288229,0.061850756,988.9947,1.0,0.07830509,0.08746337,1.0,5.5451684,2.7563927,3.0227404,1.7114439,645.8316,917.068,0.35525241,0.67771286,0.14522149,33.839283,1.1961749,0.0,0.14685413,0.0,29.073437,1.466869,0.0,0
79.10823405714076,9.2385529474253,3.845277,0.010443601,1987.3938,1.0,0.08424637,0.11788939,4.0,5.2120433,1.7837375,2.5786128,0.7123306,598.2348,808.1748,0.9473314,0.76611876,0.14203276,30.251451,0.38927296,0.0,0.10433192,0.0,29.421509,2.2466273,312.0,0
78.59619434519263,9.130755113330958,0.034916233,0.03566222,987.87317,1.0,0.06881363,0.075593345,0.0,2.9502003,1.0605574,1.8959804,2.1155183,717.3133,959.3022,0.25828686,0.7354838,0.08949099,30.897217,0.24501343,0.0,0.06582696,0.0,29.445164,2.0570095,0.0,0
79.7909536730716,9.606862213914305,1.0,0.010486082,1971.7831,1.0,0.09138614,0.117542304,2.0,5.5841846,2.0734556,2.1650507,0.3475448,1144.8276,1830.3085,0.44330794,0.51341194,0.25276476,31.188398,0.68887305,0.0,0.088449694,0.0,29.354895,1.9881856,0.0,0
78.13805355029167,8.510917567288487,1.2214801,0.07020177,989.8839,1.0,0.07615854,0.10897776,2.0,4.986006,1.9300427,0.88038653,3.1173916,617.3654,887.691,0.4401602,1.2052126,0.18504636,33.947094,1.2700826,0.0,0.21269281,0.0,28.739594,1.0754917,377.0,0
78.17398616165646,8.78939530536554,2.6015584,0.13248496,1978.2573,1.0,0.068397745,0.079790406,1.0,3.4232273,1.2530763,0.84976494,2.1406333,460.98816,462.07864,0.16397147,1.0613307,0.14650857,33.533146,1.776951,0.0,0.17273033,0.0,28.699825,1.6660479,359.0,0
78.96450361168164,9.400249698566814,0.8721611,0.033183984,993.78845,1.0,0.07901735,0.097038135,4.0,3.7821474,1.2305453,2.4321082,0.7099912,634.32733,1531.4028,0.3727988,0.5595071,0.2640693,32.368202,2.9236338,0.0,0.03436128,0.0,29.30524,2.5532532,0.0,0
78.18296931449765,8.870243680936296,1.2935073,0.08119637,988.9015,1.0,0.068397745,0.079790406,1.0,3.4232273,1.2530763,1.258627,4.685233,468.84708,545.73944,0.14298326,0.9882661,0.1306089,32.712105,0.93885547,0.0,0.146969,0.0,28.966047,1.5876359,137.0,0
78.97348676452283,9.642794825279084,0.32922474,0.038909525,986.1755,1.0,0.07926211,0.09555871,2.0,3.2223113,0.9772062,3.0528984,0.81501836,395.7381,216.2377,0.29861438,0.5048072,0.2526664,32.099327,2.4170885,0.0,0.046618797,0.0,29.519028,2.663316,0.0,0
79.29688026680586,9.229569794584105,1.7197055,0.09873148,993.5955,1.0,0.08457933,0.115844995,4.0,5.6047473,2.0678773,1.8304645,2.4665918,660.4139,1203.7598,8.466598,0.6879483,0.14380936,32.708828,2.4901345,0.0,0.61308837,0.0,29.005695,1.9447517,547.0,0
79.7819705202304,9.705676895167452,1.4223825,0.047079798,1986.8215,1.0,0.091506526,0.11838701,2.0,5.5835094,2.048279,2.1071126,0.24969313,662.19574,1036.7802,0.38969758,0.49773267,0.13477714,31.182701,0.5435447,0.0,0.095788814,0.0,29.389105,2.0842156,0.0,0
78.08415463324451,8.421086038876535,1.0724226,0.056905996,990.1604,1.0,0.078643374,0.11263127,2.0,5.1379848,2.0298293,0.9477389,3.3451676,632.24677,1081.4813,4.731586,1.2475806,0.19764896,33.55781,0.75140727,0.0,0.21348587,0.0,28.778706,1.0383092,248.0,0
78.44348074689232,9.094822501966176,1.1891376,0.0334812,1401.6365,1.0,0.073384106,0.07036719,0.0,2.384434,0.9349498,3.4887755,6.6906185,592.29346,671.67114,0.1500424,0.70487905,0.089869894,31.026375,0.33307987,0.0,0.06840087,0.0,29.522314,2.129948,294.0,0
79.74603790886562,9.058889890601396,0.8981801,0.077940255,987.4444,1.0,0.08124088,0.10376174,2.0,5.8677297,2.4427123,2.7940419,0.99364257,720.10864,1097.6693,0.3811871,0.66598284,0.1470209,33.251114,1.439687,0.0,0.07576429,0.0,29.117474,1.6580073,494.0,0
79.28789711396466,9.319401322996058,0.5317188,0.09877356,986.9224,1.0,0.08951718,0.12522586,4.0,5.488249,1.8821713,1.9927516,0.6405296,1115.582,1359.0612,14.165915,0.63740546,0.17033027,32.814835,2.6101394,0.0,0.58718115,0.0,28.995117,1.9740694,562.0,1
78.8297563190637,9.229569794584105,0.8338432,0.03204167,993.8642,1.0,0.07236005,0.08682311,1.0,3.744074,1.2862216,2.710796,2.34295,744.2267,1502.5172,0.2753389,0.65743166,0.21723354,30.86424,0.77808034,0.0,0.05272655,0.0,29.439104,2.301703,315.0,0
78.96450361168164,9.63381167243789,0.6830327,0.037594657,986.207,1.0,0.07874501,0.09292701,2.0,3.055384,0.9362596,3.2649143,0.87147176,503.9216,303.94974,0.29655102,0.5048072,0.2526664,31.705452,1.9237016,0.0,0.03932745,0.0,29.600111,2.6806393,0.0,0
78.95552045884044,9.400249698566814,0.34124702,0.032334007,986.88306,1.0,0.07766377,0.09295801,0.0,3.586846,1.1707369,2.4321082,0.7099912,650.2622,1623.1489,0.35927776,0.5595071,0.2640693,30.80353,0.3233853,0.0,0.017483208,0.0,29.917833,2.8005683,0.0,0
79.0453519872524,9.750592659373426,0.9148561,0.028998373,993.7599,1.0,0.08101264,0.10445056,2.0,3.7825804,1.1123384,3.2342596,0.81910646,483.99084,567.9802,0.3039143,0.50919354,0.17041503,32.41999,2.7656884,16.0,0.07468129,0.0,29.493584,2.6465924,1018.0,0
79.7999368259128,9.68771058948506,0.9916152,0.057637908,985.65173,1.0,0.091265745,0.11669759,2.0,5.5848594,2.098632,2.1411936,0.20964012,911.8103,1370.7753,0.39320436,0.49339756,0.13149014,32.93305,2.3853638,0.0,0.15428866,0.0,29.171598,1.8387223,0.0,0
79.64722322761247,9.534996991184745,0.5996385,0.0648629,986.14795,1.0,0.089881696,0.12041306,3.0,5.6431117,1.9811999,1.6956816,0.42558476,807.4944,1657.627,0.6065113,0.5359783,0.13347587,32.88662,2.3588436,0.0,0.13929304,0.0,29.086647,1.8235518,551.0,0
78.12907039745049,8.63668170706522,0.5398337,0.031101214,989.56537,1.0,0.06842195,0.097602494,1.0,4.512818,1.6193554,1.0223799,4.215864,497.94928,548.06885,0.22640604,1.1221371,0.16129725,33.552437,1.0928062,0.0,0.16779697,0.0,28.765053,1.1915141,287.0,0
78.56924488666905,9.112788807648569,1.0,0.029898051,994.0364,1.0,0.06881363,0.075593345,0.0,2.9502003,1.0605574,2.0496087,1.0621032,720.1246,969.7622,0.2200415,0.7354838,0.08949099,31.22743,0.6072329,0.0,0.074879274,0.0,29.410301,2.1127093,0.0,0
79.70112214465965,9.46313176845518,1.4384677,0.07315957,993.4281,1.0,0.08558974,0.11449233,3.0,5.758159,2.1456053,1.6478561,0.38305765,658.85803,1134.4226,0.794154,0.58178836,0.14437263,29.944813,0.18611452,0.0,0.061963066,0.0,29.367643,1.9231538,235.0,0
79.05433514009358,9.319401322996058,2.424188,0.0959988,993.73114,1.0,0.08539495,0.11626233,4.0,4.7023425,1.5123423,2.7929173,1.0511256,563.1523,1041.6771,0.56958747,0.5595071,0.2640693,32.530342,2.4130313,0.0,0.14833504,0.0,29.143093,2.2077146,0.0,0
79.76400421454801,9.112788807648569,0.5864619,0.1274065,987.29346,1.0,0.08164236,0.102634266,2.0,5.8354793,2.482443,2.8826191,0.5578529,724.52515,985.4803,0.40425426,0.64153826,0.1549765,32.184525,0.12389076,0.0,0.049055208,0.0,29.274292,1.6859862,177.0,1
79.19806558555271,9.283468711631276,1.1232448,0.050595492,987.06964,1.0,0.085555166,0.11750516,4.0,4.912761,1.6214191,1.9253807,0.45024082,899.23535,1554.4055,1.8520465,0.69547385,0.17124772,29.840189,0.14383006,0.0,0.17274682,0.0,29.447052,2.2217755,0.0,0
78.78484055485774,9.211603488901714,1.9095668,0.054837596,993.8925,1.0,0.07095672,0.083119445,1.0,3.4941049,1.226466,4.2365108,2.6054437,663.7947,1396.2529,0.2755419,0.65743166,0.21723354,31.078455,0.8439966,0.0,0.059750926,0.0,29.473392,2.2903671,0.0,0
78.14703670313287,8.510917567288487,2.2994585,0.041560996,1979.7603,1.0,0.07615854,0.10897776,2.0,4.986006,1.9300427,0.88038653,3.1173916,617.3654,887.691,0.4285087,1.2052126,0.18504636,33.947094,1.2700826,0.0,0.21269281,0.0,28.739594,1.0754917,377.0,0
78.14703670313287,8.555833331494464,0.5110561,0.037368044,989.7604,1.0,0.07104783,0.10146338,1.0,4.673423,1.7248057,0.71724653,2.231372,639.74243,994.5902,0.3127811,1.1760608,0.17635815,33.77842,1.1883007,0.0,0.18851349,0.0,28.72349,1.1047568,269.0,0
79.19806558555271,9.27448555879008,1.0544499,0.038111396,987.0948,1.0,0.0853188,0.117561266,4.0,4.98234,1.6605719,1.9253807,0.45024082,1059.7421,1881.057,1.9375435,0.7061261,0.1678899,29.840189,0.14383006,0.0,0.17274682,0.0,29.447052,2.2217755,291.0,0
78.17398616165646,8.735496388318367,0.5948606,0.037855245,994.32764,1.0,0.06840397,0.084366314,1.0,3.703142,1.3471731,0.9448019,2.996127,504.62973,762.625,0.18113141,1.0754412,0.1499404,33.403744,1.1704246,0.0,0.1463579,0.0,28.839788,1.3245823,444.0,0
78.20991877302124,8.771428999683149,1.0097934,0.08603048,989.14264,1.0,0.068397745,0.079790406,1.0,3.4232273,1.2530763,0.86719453,2.3612351,486.32416,527.039,0.1733626,1.0613307,0.14650857,33.59553,1.7034596,0.0,0.17648852,0.0,28.729074,1.5513245,444.0,0
78.16500300881526,8.807361611047929,0.3064113,0.113013096,989.08466,1.0,0.068397745,0.079790406,1.0,3.4232273,1.2530763,1.0013102,3.0183942,491.68057,684.8091,0.15672511,1.0613307,0.14650857,33.321636,1.5790385,0.0,0.16631605,0.0,28.74275,1.6734598,359.0,0
79.7819705202304,9.606862213914305,0.63925797,0.02976663,985.8931,1.0,0.091506526,0.11838701,2.0,5.5835094,2.048279,2.1650507,0.3475448,880.58124,1496.752,0.44514304,0.51302236,0.23748018,31.188398,0.68887305,0.0,0.088449694,0.0,29.354895,1.9881856,0.0,0
79.13518351566435,9.301435017313668,1.1243336,0.054776553,993.68445,1.0,0.08539495,0.11626233,4.0,4.7023425,1.5123423,2.4104571,0.6056928,620.1506,1399.878,0.97644645,0.68234956,0.16340539,31.90787,1.8611076,0.0,0.20543112,0.0,29.202967,2.1683385,0.0,0
79.09026775145837,9.247536100266496,4.0,0.11209829,1987.415,1.0,0.08442122,0.1176417,4.0,5.1344514,1.7424229,2.84122,0.48432803,683.49146,1027.3906,0.79711723,0.76183003,0.13293298,30.36633,0.5261379,0.0,0.08872322,0.0,29.426668,2.2926376,312.0,0
79.69213899181845,9.08583934912498,0.61938995,0.1204101,987.391,1.0,0.08078151,0.10505176,2.0,5.9046297,2.3972535,2.9743853,1.1398087,929.7425,533.6927,0.43648285,0.70383304,0.1530429,31.99451,0.33073735,0.0,0.066724464,0.0,29.240757,1.7134105,176.0,1
78.75789109633415,9.20262033606052,0.95540506,0.043814547,993.9099,1.0,0.06966198,0.078998156,0.0,3.2049756,1.139535,3.0998046,3.958005,726.71704,1627.0496,0.28820226,0.65743166,0.21723354,30.412216,0.19829302,0.0,0.042165298,0.0,29.541172,2.2334278,305.0,0
78.14703670313287,8.690580624112393,0.31198028,0.031183202,989.4089,1.0,0.06841607,0.09327236,1.0,4.247937,1.5303125,0.8059919,2.2345183,505.3781,647.74335,0.19729602,1.1191399,0.16056831,32.95145,0.33887446,0.0,0.08631998,0.0,28.95978,1.1299207,124.0,0
78.12907039745049,8.609732248541635,0.17880213,0.02468287,989.6357,1.0,0.06842195,0.097602494,1.0,4.512818,1.6193554,0.9704681,4.1840873,573.09564,1096.105,0.24677104,1.1717339,0.17506859,33.031956,0.3650332,0.0,0.11755651,0.0,28.94287,1.094893,120.0,0
79.11721720998196,9.247536100266496,3.1380672,0.10576421,993.6921,1.0,0.08442122,0.1176417,4.0,5.1344514,1.7424229,2.5496435,0.66028637,639.8066,812.31445,1.0045948,0.76826316,0.14658265,30.804659,0.9025956,0.0,0.13612966,0.0,29.358313,2.2436924,312.0,0
78.72195848496936,9.184654030378129,0.96785814,0.04938729,993.9331,1.0,0.06881363,0.075593345,0.0,2.9502003,1.0605574,3.1404276,4.164401,500.26672,918.94366,0.344322,0.5315101,0.07025539,30.742819,0.4543261,0.0,0.055237267,0.0,29.489275,2.2300363,300.0,0
79.74603790886562,9.579912755390716,1.8435549,0.02059657,2208.0283,1.0,0.091988094,0.121765874,3.0,5.580809,1.9475727,2.1854777,0.38848215,703.68256,1147.6958,0.4803878,0.51048106,0.13132137,31.533112,1.0358137,0.0,0.10211252,0.0,29.290422,1.9394217,253.0,0
79.75502106170681,9.570929602549525,1.1016641,0.017948754,2218.0227,1.0,0.0918677,0.120921165,3.0,5.5814843,1.9727494,2.1519816,0.41632664,876.92914,1608.623,0.49055144,0.510373,0.13352643,32.050396,1.5336596,0.0,0.120308906,0.0,29.216913,1.8753504,542.0,0
79.7909536730716,9.570929602549525,1.021884,0.013810239,3563.2388,1.0,0.09138614,0.117542304,2.0,5.5841846,2.0734556,2.1519816,0.41632664,891.8001,1578.9557,0.48350456,0.5106347,0.14379573,32.653675,2.1582415,0.0,0.13100342,0.0,29.17371,1.8067708,569.0,0
79.75502106170681,9.552963296867132,1.5745025,0.022455726,4094.1516,1.0,0.09085384,0.11943581,3.0,5.6101236,2.014396,1.9511584,0.4225767,844.07697,1502.6056,0.5200488,0.51809347,0.13327639,32.822132,2.286283,0.0,0.14889607,0.0,29.103577,1.7844541,542.0,0
79.76400421454801,9.46313176845518,2.0677629,0.009305829,4944.2637,1.0,0.08534987,0.11053033,3.0,5.7657995,2.2663403,1.4631053,0.39057234,498.5509,648.92346,0.96372426,0.5749745,0.14442083,31.159475,0.9537697,0.0,0.092318684,0.0,29.274923,1.8323021,223.0,0
79.72807160318324,9.436182309931594,3.8830273,0.022265188,4954.419,1.0,0.085573606,0.11422593,3.0,5.7586727,2.153723,1.2391751,0.39132848,439.62833,423.7765,0.9640727,0.58867544,0.14604458,30.621433,0.59144646,0.0,0.071583346,0.0,29.296398,1.8569502,223.0,0
78.99145307020522,9.418216004249205,2.0452888,0.016379135,4201.587,1.0,0.08307808,0.109278515,4.0,4.3680515,1.4099704,2.4669726,0.6631712,465.25565,1090.2797,0.4150773,0.5595071,0.2640693,31.62974,1.7733424,20.0,0.025900833,0.0,29.556023,2.6552782,861.0,0
78.99145307020522,9.409232851408008,1.7712693,0.021740157,3565.8877,1.0,0.08307808,0.109278515,4.0,4.3680515,1.4099704,2.4495404,0.6865812,479.3917,993.8926,0.41458783,0.5595071,0.2640693,31.987154,2.3302457,20.0,0.02999461,0.0,29.434563,2.605867,861.0,0
79.00043622304642,9.409232851408008,2.0406728,0.032317117,4419.5923,1.0,0.084431656,0.11335864,4.0,4.563353,1.4697788,2.4329524,0.66888416,504.57938,999.82764,0.43185493,0.5595071,0.2640693,32.039974,2.419349,20.0,0.030550018,0.0,29.412397,2.5963466,861.0,0
78.99145307020522,9.39126654572562,1.2318962,0.021833578,2801.1384,1.0,0.08307808,0.109278515,4.0,4.3680515,1.4099704,2.4073484,0.7484097,675.017,1590.4949,0.41542065,0.5595071,0.2640693,32.3821,2.9456253,20.0,0.034518246,0.0,29.300348,2.5512671,861.0,0
79.10823405714076,9.337367628678448,4.3616447,0.046770845,4968.502,1.0,0.08539495,0.11626233,4.0,4.7023425,1.5123423,2.180791,0.4740646,427.68152,459.94922,0.7436539,0.6634677,0.16617638,32.515255,2.849594,0.0,0.06264354,0.0,29.170885,2.2903304,0.0,0
79.13518351566435,9.337367628678448,4.595126,0.061878175,4968.4272,1.0,0.08539495,0.11626233,4.0,4.7023425,1.5123423,2.054613,0.45021138,460.58972,616.023,0.87515575,0.6564533,0.18059322,32.515255,2.849594,0.0,0.06264354,0.0,29.170885,2.2903304,0.0,0
79.13518351566435,9.319401322996058,2.7175586,0.07432075,2981.0547,1.0,0.08539495,0.11626233,4.0,4.7023425,1.5123423,2.1698573,0.4980239,541.6637,1052.9786,0.92332935,0.66201574,0.16916071,31.90787,1.8611076,0.0,0.20543112,0.0,29.202967,2.1683385,0.0,0
79.16213297418793,9.319401322996058,4.010324,0.07914225,3974.6794,1.0,0.08539495,0.11626233,4.0,4.7023425,1.5123423,2.0023024,0.45271733,559.896,892.46295,1.128553,0.65778506,0.17785606,32.051315,2.0013978,0.0,0.23937072,0.0,29.168934,2.131754,0.0,0
79.34179603101184,9.27448555879008,1.4764162,0.044438407,1974.0565,1.0,0.08784123,0.1220419,4.0,5.5277896,1.9452018,1.9755989,0.36507833,487.9361,604.3631,5.3078175,0.6525661,0.1481809,30.493696,0.76881474,0.0,0.4824556,0.0,29.247328,2.0254092,230.0,0
79.36874548953543,9.247536100266496,1.267898,0.043732796,3948.379,1.0,0.085884094,0.11832376,4.0,5.5739646,2.0188072,1.992944,0.34210438,510.2507,657.9555,3.2800493,0.67609745,0.14468727,30.823717,0.929591,0.0,0.49649122,0.0,29.203014,1.9588912,230.0,0
79.15314982134674,9.2385529474253,1.0,0.014334493,4095.4346,1.0,0.08424637,0.11788939,4.0,5.2120433,1.7837375,2.428299,0.64870095,629.8698,1004.2128,1.5824935,0.8055686,0.18305092,32.554737,2.421957,0.0,0.25402674,0.0,29.104004,2.1080716,619.0,0
79.17111612702912,9.2385529474253,1.0,0.0017270191,4095.4143,1.0,0.08424637,0.11788939,4.0,5.2120433,1.7837375,1.7413849,0.9878201,764.6098,1320.9823,2.0662081,0.8055686,0.18305092,31.322176,1.3745005,0.0,0.21428995,0.0,29.250872,2.1421008,619.0,0
79.18009927987032,9.2385529474253,1.0,0.0052137496,4437.995,1.0,0.08424637,0.11788939,4.0,5.2120433,1.7837375,1.6903858,1.1372889,1020.06696,1321.5674,2.363955,0.8055686,0.18305092,30.789566,0.9218777,0.0,0.19711906,0.0,29.314337,2.1568055,291.0,0
78.97348676452283,9.229569794584105,1.0,0.0036713192,4948.2715,1.0,0.07972462,0.10651438,4.0,4.7159743,1.6250561,2.3908935,3.058245,478.01523,827.79535,0.41357085,0.67395663,0.1441098,30.653734,0.7801438,0.0,0.073634185,0.0,29.399975,2.2552917,319.0,0
78.98246991736403,9.229569794584105,1.0,0.016501615,4968.8506,1.0,0.08089576,0.10964578,4.0,4.8705306,1.6789392,2.3908935,3.058245,462.6166,747.77155,0.43008015,0.6996767,0.15521905,30.970203,1.0647281,0.0,0.08655775,0.0,29.361576,2.2500186,988.0,0
78.99145307020522,9.229569794584105,1.4871842,0.030372128,4957.1504,1.0,0.08206691,0.112777166,4.0,5.0250864,1.7328223,2.3908935,3.058245,579.53485,1218.5162,0.44734737,0.7228668,0.16523555,31.286674,1.3493124,0.0,0.09948132,0.0,29.323177,2.2447453,988.0,0
79.15314982134674,9.229569794584105,1.1831362,0.020559434,4947.752,1.0,0.08407152,0.11813708,4.0,5.289635,1.8250521,2.3299499,0.6270122,646.22504,1098.1675,1.699702,0.8351306,0.2101767,32.49197,2.366219,0.0,0.25148356,0.0,29.10985,2.1065745,619.0,0
79.32382972532945,9.229569794584105,1.0218412,0.06468847,1400.5901,1.0,0.08457933,0.115844995,4.0,5.6047473,2.0678773,1.5089638,0.6285143,847.5623,823.29736,6.186988,0.6829965,0.15509292,30.88061,1.0621061,0.0,0.4861812,0.0,29.186546,1.983745,547.0,0
79.34179603101184,9.229569794584105,1.5818073,0.08885531,1400.5839,1.0,0.08457933,0.115844995,4.0,5.6047473,2.0678773,1.9108588,0.5003046,1286.9221,868.095,4.368085,0.7055197,0.18906386,29.942266,0.33025858,0.0,0.41654617,0.0,29.284477,2.0092387,230.0,0
79.7999368259128,9.103805654807372,4.0428166,0.27400565,993.3715,1.0,0.08244532,0.10037931,2.0,5.770978,2.5619047,2.8826191,0.5578529,727.30194,773.3488,0.38416556,0.6443607,0.1536407,32.184525,0.12389076,0.0,0.049055208,0.0,29.274292,1.6859862,0.0,0
79.66518953329486,9.058889890601396,1.0,0.0017529874,4421.341,1.0,0.08078151,0.10505176,2.0,5.9046297,2.3972535,2.5020764,0.85559195,578.4341,498.51688,0.43961105,0.7425583,0.16163851,33.363945,1.6154859,0.0,0.11143556,0.0,29.093987,1.5454972,479.0,0
79.67417268613606,9.058889890601396,1.0,0.0036207247,3566.9136,1.0,0.08078151,0.10505176,2.0,5.9046297,2.3972535,2.5269597,0.86501855,642.98346,773.00977,0.4305387,0.73709786,0.15642336,33.230907,1.4906765,0.0,0.107092015,0.0,29.108244,1.5618094,479.0,0
79.71010529750085,9.058889890601396,1.2829119,0.015242876,2218.6582,1.0,0.08078151,0.10505176,2.0,5.9046297,2.3972535,2.7353537,0.91047823,725.7333,1103.258,0.40356845,0.7063356,0.14964056,32.17601,0.43426728,0.0,0.063447766,0.0,29.230942,1.7086523,0.0,0
79.74603790886562,9.49906437981996,0.81841177,0.022788601,1972.4365,1.0,0.08704831,0.1146603,3.0,5.718131,2.1462276,1.7956624,0.42979366,727.32544,1176.67,0.6688669,0.56187135,0.14276828,32.87995,2.370854,0.0,0.16384506,0.0,29.14514,1.8061141,759.0,1
79.71010529750085,9.08583934912498,3.0539274,0.15273272,987.3876,1.0,0.08078151,0.10505176,2.0,5.9046297,2.3972535,3.0080557,0.86011183,1350.6779,1252.0022,0.42224497,0.6871192,0.15239897,32.059746,0.31963208,0.0,0.061847016,0.0,29.244032,1.7137163,176.0,1
